Player,Team,Match Up,Game Date,Season,W/L,MIN,PTS,FGM,FGA,FG%,3PM,3PA,3P%,FTM,FTA,FT%,OREB,DREB,REB,AST,STL,BLK,TOV,PF,+/-
Isobel Borlase,ATL,ATL vs. NY,10/04/2026,2026,W,10,2,0,1,0.0,0,1,0.0,2,2,100.0,0,1,1,0,0,0,1,0,+3
Kaitlyn Chen,GS,GS vs. LV,10/04/2026,2026,W,22,11,4,11,36.4,1,2,50.0,2,2,100.0,1,2,3,1,0,1,2,1,+11
Tiffany Hayes,GS,GS vs. LV,10/04/2026,2026,W,11,3,1,4,25.0,0,2,0.0,1,4,25.0,0,1,1,0,1,0,1,0,+5
Aminata Gueye,GS,GS vs. LV,10/04/2026,2026,W,13,9,4,5,80.0,0,0,0.0,1,1,100.0,1,1,2,1,2,1,2,2,+5
Janelle Salaun,GS,GS vs. LV,10/04/2026,2026,W,6,2,0,2,0.0,0,0,0.0,2,2,100.0,0,0,0,0,0,0,0,0,+11
Veronica Burton,GS,GS vs. LV,10/04/2026,2026,W,18,4,1,6,16.7,0,1,0.0,2,2,100.0,1,2,3,1,1,0,2,1,0
Kiah Stokes,GS,GS vs. LV,10/04/2026,2026,W,27,0,0,3,0.0,0,2,0.0,0,0,0.0,7,7,14,2,0,4,1,5,+6
Cecilia Zandalasini,GS,GS vs. LV,10/04/2026,2026,W,18,7,3,6,50.0,1,3,33.3,0,0,0.0,0,5,5,1,0,0,1,0,0
Gabby Williams,GS,GS vs. LV,10/04/2026,2026,W,34,25,9,18,50.0,4,7,57.1,3,3,100.0,1,10,11,5,0,0,4,0,+10
Kayla Thornton,GS,GS vs. LV,10/04/2026,2026,W,34,8,3,9,33.3,1,5,20.0,1,2,50.0,5,6,11,1,0,0,0,5,0
Mai Yamamoto,LV,LV @ GS,10/04/2026,2026,L,19,2,1,4,25.0,0,2,0.0,0,0,0.0,0,0,0,1,0,1,0,1,-10
Justine Pissott,LV,LV @ GS,10/04/2026,2026,L,2,0,0,0,0.0,0,0,0.0,0,0,0.0,0,1,1,0,0,0,0,0,+2
Kierstan Bell,LV,LV @ GS,10/04/2026,2026,L,21,3,1,2,50.0,1,2,50.0,0,0,0.0,0,2,2,0,1,2,0,2,-13
Cheyenne Parker-Tyus,LV,LV @ GS,10/04/2026,2026,L,12,0,0,1,0.0,0,0,0.0,0,0,0.0,0,0,0,0,3,0,0,2,-1
Jackie Young,LV,LV @ GS,10/04/2026,2026,L,38,11,4,15,26.7,3,7,42.9,0,0,0.0,0,4,4,5,3,0,2,2,-13
Jewell Loyd,LV,LV @ GS,10/04/2026,2026,L,17,0,0,2,0.0,0,2,0.0,0,0,0.0,0,2,2,1,0,0,1,2,+2
Chelsea Gray,LV,LV @ GS,10/04/2026,2026,L,36,16,5,14,35.7,3,6,50.0,3,4,75.0,0,4,4,3,1,0,2,2,-11
A'ja Wilson,LV,LV @ GS,10/04/2026,2026,L,35,24,8,21,38.1,0,2,0.0,8,11,72.7,0,4,4,0,1,0,0,2,-12
Brianna Turner,LV,LV @ GS,10/04/2026,2026,L,17,2,1,1,100.0,0,0,0.0,0,0,0.0,1,6,7,2,0,0,1,0,-3
Kaila Charles,GS,GS vs. LV,10/04/2026,2026,W,18,2,1,5,20.0,0,2,0.0,0,0,0.0,1,1,2,1,1,0,0,1,+7
Kalani Brown,LV,LV @ GS,10/04/2026,2026,L,3,2,1,2,50.0,0,0,0.0,0,0,0.0,1,0,1,0,0,0,0,0,+4
Breanna Stewart,NY,NY @ ATL,10/04/2026,2026,L,40,19,6,13,46.2,1,3,33.3,6,6,100.0,0,2,2,3,3,3,2,3,-10
Naz Hillmon,ATL,ATL vs. NY,10/04/2026,2026,W,37,0,0,2,0.0,0,1,0.0,0,0,0.0,1,3,4,4,1,0,3,2,+14
Leonie Fiebich,NY,NY @ ATL,10/04/2026,2026,L,36,9,3,7,42.9,3,5,60.0,0,0,0.0,2,5,7,3,0,0,4,3,-8
Te-Hina Paopao,ATL,ATL vs. NY,10/04/2026,2026,W,4,2,1,1,100.0,0,0,0.0,0,0,0.0,0,1,1,0,0,0,0,0,-1
Madina Okot,ATL,ATL vs. NY,10/04/2026,2026,W,2,0,0,0,0.0,0,0,0.0,0,0,0.0,1,1,2,0,0,0,0,1,-2
DeWanna Bonner,ATL,ATL vs. NY,10/04/2026,2026,W,30,23,10,18,55.6,3,6,50.0,0,1,0.0,2,7,9,2,2,0,0,0,+9
Rhyne Howard,ATL,ATL vs. NY,10/04/2026,2026,W,40,16,5,20,25.0,1,8,12.5,5,6,83.3,1,7,8,8,1,0,3,3,+10
Jordin Canada,ATL,ATL vs. NY,10/04/2026,2026,W,32,25,9,14,64.3,4,6,66.7,3,3,100.0,0,1,1,4,5,1,2,5,+10
Angel Reese,ATL,ATL vs. NY,10/04/2026,2026,W,34,17,6,10,60.0,1,1,100.0,4,6,66.7,4,3,7,2,4,3,4,1,+7
Allisha Gray,ATL,ATL vs. NY,10/04/2026,2026,W,11,7,1,5,20.0,1,3,33.3,4,5,80.0,0,1,1,0,1,0,0,0,0
Marine Fauthoux,NY,NY @ ATL,10/04/2026,2026,L,12,0,0,4,0.0,0,3,0.0,0,0,0.0,1,1,2,3,0,0,0,2,+3
Rebekah Gardner,NY,NY @ ATL,10/04/2026,2026,L,4,0,0,0,0.0,0,0,0.0,0,0,0.0,0,0,0,0,0,0,0,1,-6
Jonquel Jones,NY,NY @ ATL,10/04/2026,2026,L,32,12,4,9,44.4,2,4,50.0,2,2,100.0,2,9,11,4,1,5,2,3,-9
Pauline Astier,NY,NY @ ATL,10/04/2026,2026,L,21,9,4,7,57.1,1,2,50.0,0,0,0.0,2,4,6,1,1,0,2,2,-4
Han Xu,NY,NY @ ATL,10/04/2026,2026,L,8,3,1,2,50.0,1,2,50.0,0,0,0.0,0,2,2,1,0,1,2,0,-1
Sabrina Ionescu,NY,NY @ ATL,10/04/2026,2026,L,34,27,10,20,50.0,3,8,37.5,4,4,100.0,0,4,4,1,0,0,5,2,-12
Rebecca Allen,NY,NY @ ATL,10/04/2026,2026,L,4,0,0,1,0.0,0,0,0.0,0,0,0.0,0,0,0,0,1,0,0,0,-2
Marine Johannes,NY,NY @ ATL,10/04/2026,2026,L,9,3,0,2,0.0,0,1,0.0,3,3,100.0,0,0,0,1,0,0,2,1,-1
Kayla Thornton,GS,GS vs. DAL,10/02/2026,2026,W,14,0,0,2,0.0,0,2,0.0,0,0,0.0,0,0,0,1,0,0,0,2,-13
Jessica Shepard,DAL,DAL @ GS,10/02/2026,2026,L,40,12,6,11,54.5,0,1,0.0,0,1,0.0,2,10,12,2,0,0,1,2,-3
Maddy Siegrist,DAL,DAL @ GS,10/02/2026,2026,L,10,0,0,1,0.0,0,1,0.0,0,0,0.0,0,6,6,0,0,0,1,1,+11
Awak Kuier,DAL,DAL @ GS,10/02/2026,2026,L,33,6,3,4,75.0,0,1,0.0,0,0,0.0,3,1,4,1,0,3,1,2,+6
Arike Ogunbowale,DAL,DAL @ GS,10/02/2026,2026,L,34,30,11,21,52.4,3,6,50.0,5,6,83.3,1,4,5,2,1,0,5,5,+6
Paige Bueckers,DAL,DAL @ GS,10/02/2026,2026,L,38,17,3,14,21.4,1,4,25.0,10,10,100.0,0,1,1,6,2,2,1,3,-2
Alysha Clark,DAL,DAL @ GS,10/02/2026,2026,L,25,3,1,1,100.0,0,0,0.0,1,2,50.0,0,7,7,0,0,0,1,2,-7
Odyssey Sims,DAL,DAL @ GS,10/02/2026,2026,L,12,3,1,2,50.0,1,1,100.0,0,0,0.0,0,1,1,2,1,0,0,4,-14
Aziaha James,DAL,DAL @ GS,10/02/2026,2026,L,8,2,1,5,20.0,0,2,0.0,0,0,0.0,0,0,0,0,0,0,0,4,-17
Tiffany Hayes,GS,GS vs. DAL,10/02/2026,2026,W,27,18,6,17,35.3,2,5,40.0,4,6,66.7,2,2,4,2,1,1,1,4,+15
Gabby Williams,GS,GS vs. DAL,10/02/2026,2026,W,31,19,6,17,35.3,3,6,50.0,4,4,100.0,0,4,4,2,2,0,1,2,+7
Cecilia Zandalasini,GS,GS vs. DAL,10/02/2026,2026,W,16,5,1,5,20.0,0,2,0.0,3,3,100.0,0,0,0,2,0,0,1,1,-7
Kiah Stokes,GS,GS vs. DAL,10/02/2026,2026,W,35,6,3,5,60.0,0,1,0.0,0,0,0.0,4,9,13,3,0,3,1,1,+5
Veronica Burton,GS,GS vs. DAL,10/02/2026,2026,W,37,16,7,18,38.9,1,7,14.3,1,3,33.3,5,5,10,6,0,0,2,3,+10
Janelle Salaun,GS,GS vs. DAL,10/02/2026,2026,W,8,3,1,4,25.0,1,2,50.0,0,0,0.0,0,0,0,0,0,0,0,1,-3
Kaila Charles,GS,GS vs. DAL,10/02/2026,2026,W,28,10,3,7,42.9,2,4,50.0,2,2,100.0,2,4,6,1,2,1,0,3,+2
Kaitlyn Chen,GS,GS vs. DAL,10/02/2026,2026,W,7,0,0,2,0.0,0,0,0.0,0,0,0.0,1,2,3,0,0,0,0,1,+4
Sophie Cunningham,IND,IND @ LV,10/01/2026,2026,L,24,5,2,4,50.0,1,1,100.0,0,0,0.0,0,1,1,2,1,0,0,3,-18
Makayla Timpson,IND,IND @ LV,10/01/2026,2026,L,12,4,1,2,50.0,0,0,0.0,2,4,50.0,1,2,3,1,1,0,1,2,-4
Aliyah Boston,IND,IND @ LV,10/01/2026,2026,L,32,19,8,16,50.0,2,4,50.0,1,2,50.0,3,7,10,3,1,2,0,4,-1
Kelsey Mitchell,IND,IND @ LV,10/01/2026,2026,L,36,23,7,23,30.4,3,11,27.3,6,8,75.0,1,1,2,2,1,0,2,2,-9
Lexie Hull,IND,IND @ LV,10/01/2026,2026,L,13,0,0,0,0.0,0,0,0.0,0,0,0.0,0,3,3,1,0,0,0,4,+2
Caitlin Clark,IND,IND @ LV,10/01/2026,2026,L,37,18,6,18,33.3,3,12,25.0,3,4,75.0,0,2,2,4,2,4,6,5,-14
Myisha Hines-Allen,IND,IND @ LV,10/01/2026,2026,L,20,12,5,9,55.6,0,2,0.0,2,2,100.0,3,9,12,1,0,0,1,5,-4
Monique Billings,IND,IND @ LV,10/01/2026,2026,L,8,0,0,1,0.0,0,0,0.0,0,0,0.0,0,1,1,2,2,0,0,1,-12
Jackie Young,LV,LV vs. IND,10/01/2026,2026,W,40,18,5,13,38.5,2,5,40.0,6,6,100.0,0,8,8,7,0,0,1,1,+11
Raven Johnson,IND,IND @ LV,10/01/2026,2026,L,19,2,1,5,20.0,0,2,0.0,0,0,0.0,1,3,4,0,0,0,0,1,+5
A'ja Wilson,LV,LV vs. IND,10/01/2026,2026,W,37,36,11,18,61.1,2,3,66.7,12,15,80.0,0,10,10,1,0,2,1,5,+12
Chelsea Gray,LV,LV vs. IND,10/01/2026,2026,W,40,23,8,15,53.3,1,3,33.3,6,6,100.0,0,4,4,5,1,0,5,3,+11
Jewell Loyd,LV,LV vs. IND,10/01/2026,2026,W,35,11,3,10,30.0,3,6,50.0,2,4,50.0,0,3,3,1,2,0,2,3,+8
Cheyenne Parker-Tyus,LV,LV vs. IND,10/01/2026,2026,W,22,6,2,6,33.3,0,1,0.0,2,4,50.0,2,4,6,1,0,0,1,2,+8
Mai Yamamoto,LV,LV vs. IND,10/01/2026,2026,W,9,0,0,2,0.0,0,2,0.0,0,0,0.0,0,2,2,0,1,0,0,2,+3
Brianna Turner,LV,LV vs. IND,10/01/2026,2026,W,17,0,0,0,0.0,0,0,0.0,0,0,0.0,0,1,1,0,0,2,0,3,+2
Kaila Charles,GS,GS @ DAL,09/30/2026,2026,L,23,14,5,7,71.4,1,2,50.0,3,4,75.0,1,2,3,0,0,0,1,6,-7
Odyssey Sims,DAL,DAL vs. GS,09/30/2026,2026,W,11,5,1,3,33.3,0,1,0.0,3,4,75.0,1,0,1,2,0,0,0,2,+1
Alysha Clark,DAL,DAL vs. GS,09/30/2026,2026,W,31,21,6,7,85.7,3,4,75.0,6,6,100.0,0,3,3,2,0,0,0,4,+15
Paige Bueckers,DAL,DAL vs. GS,09/30/2026,2026,W,43,10,3,13,23.1,1,4,25.0,3,4,75.0,0,4,4,4,2,0,1,2,+6
Arike Ogunbowale,DAL,DAL vs. GS,09/30/2026,2026,W,42,45,12,23,52.2,5,8,62.5,16,18,88.9,1,6,7,4,3,0,5,5,+2
Awak Kuier,DAL,DAL vs. GS,09/30/2026,2026,W,29,8,3,6,50.0,1,2,50.0,1,1,100.0,1,3,4,1,0,1,2,3,-4
Maddy Siegrist,DAL,DAL vs. GS,09/30/2026,2026,W,10,2,1,2,50.0,0,1,0.0,0,0,0.0,0,0,0,1,0,0,1,0,-4
Jessica Shepard,DAL,DAL vs. GS,09/30/2026,2026,W,41,4,2,5,40.0,0,0,0.0,0,0,0.0,3,5,8,6,0,0,3,3,+5
Kaitlyn Chen,GS,GS @ DAL,09/30/2026,2026,L,8,4,2,6,33.3,0,0,0.0,0,0,0.0,0,0,0,2,0,0,0,3,-12
Veronica Burton,GS,GS @ DAL,09/30/2026,2026,L,37,11,3,8,37.5,2,4,50.0,3,4,75.0,0,1,1,5,3,1,1,6,+4
Tiffany Hayes,GS,GS @ DAL,09/30/2026,2026,L,15,6,1,3,33.3,0,0,0.0,4,4,100.0,1,2,3,2,0,0,3,4,-10
Janelle Salaun,GS,GS @ DAL,09/30/2026,2026,L,30,11,5,14,35.7,0,3,0.0,1,2,50.0,1,3,4,3,0,0,1,1,+2
Kiah Stokes,GS,GS @ DAL,09/30/2026,2026,L,25,0,0,1,0.0,0,0,0.0,0,0,0.0,0,5,5,1,0,0,0,2,-12
Cecilia Zandalasini,GS,GS @ DAL,09/30/2026,2026,L,19,5,2,3,66.7,1,2,50.0,0,0,0.0,0,1,1,1,2,1,1,3,+2
Gabby Williams,GS,GS @ DAL,09/30/2026,2026,L,37,36,12,23,52.2,5,12,41.7,7,7,100.0,1,5,6,7,3,0,2,1,-9
Kayla Thornton,GS,GS @ DAL,09/30/2026,2026,L,31,13,4,8,50.0,3,4,75.0,2,2,100.0,2,4,6,0,0,0,1,2,+2
Cassandre Prosper,WSH,WSH vs. ATL,09/30/2026,2026,L,21,10,3,5,60.0,2,4,50.0,2,4,50.0,2,2,4,3,0,0,1,4,-1
Alicia Florez,WSH,WSH vs. ATL,09/30/2026,2026,L,2,0,0,1,0.0,0,1,0.0,0,0,0.0,0,0,0,0,0,0,0,1,-5
Aziaha James,DAL,DAL vs. GS,09/30/2026,2026,W,18,13,4,5,80.0,2,3,66.7,3,4,75.0,1,1,2,0,1,1,1,3,+19
Cotie McMahon,WSH,WSH vs. ATL,09/30/2026,2026,L,1,0,0,0,0.0,0,0,0.0,0,0,0.0,0,0,0,0,0,0,0,0,0
Betnijah Laney-Hamilton,WSH,WSH vs. ATL,09/30/2026,2026,L,11,2,1,3,33.3,0,0,0.0,0,0,0.0,0,1,1,0,0,0,0,3,-13
Shatori Walker-Kimbrough,ATL,ATL @ WSH,09/30/2026,2026,W,1,0,0,0,0.0,0,0,0.0,0,0,0.0,0,0,0,0,0,0,0,0,0
Naz Hillmon,ATL,ATL @ WSH,09/30/2026,2026,W,33,10,4,9,44.4,2,6,33.3,0,0,0.0,2,1,3,0,0,0,2,3,+18
Angel Reese,ATL,ATL @ WSH,09/30/2026,2026,W,28,15,4,8,50.0,0,4,0.0,7,8,87.5,1,6,7,2,0,3,1,4,+26
Allisha Gray,ATL,ATL @ WSH,09/30/2026,2026,W,35,22,8,18,44.4,3,6,50.0,3,3,100.0,0,1,1,3,4,0,1,3,+15
Jordin Canada,ATL,ATL @ WSH,09/30/2026,2026,W,35,19,6,16,37.5,4,8,50.0,3,3,100.0,2,5,7,11,3,0,1,4,+23
Rhyne Howard,ATL,ATL @ WSH,09/30/2026,2026,W,30,15,4,8,50.0,2,3,66.7,5,5,100.0,1,2,3,4,2,1,2,6,+19
Lauren Betts,WSH,WSH vs. ATL,09/30/2026,2026,L,11,0,0,1,0.0,0,0,0.0,0,0,0.0,0,4,4,0,0,0,2,1,-6
Sika Kone,ATL,ATL @ WSH,09/30/2026,2026,W,1,0,0,1,0.0,0,1,0.0,0,0,0.0,0,0,0,0,0,0,0,0,0
Madina Okot,ATL,ATL @ WSH,09/30/2026,2026,W,4,0,0,0,0.0,0,0,0.0,0,0,0.0,1,1,2,0,0,0,0,0,-9
DeWanna Bonner,ATL,ATL @ WSH,09/30/2026,2026,W,14,7,2,4,50.0,2,4,50.0,1,2,50.0,0,2,2,0,0,0,1,3,+1
Te-Hina Paopao,ATL,ATL @ WSH,09/30/2026,2026,W,3,0,0,0,0.0,0,0,0.0,0,0,0.0,0,0,0,0,1,0,0,0,-3
Isobel Borlase,ATL,ATL @ WSH,09/30/2026,2026,W,16,5,2,3,66.7,0,0,0.0,1,1,100.0,0,2,2,3,0,0,0,3,0
Michaela Onyenwere,WSH,WSH vs. ATL,09/30/2026,2026,L,18,12,3,8,37.5,1,3,33.3,5,5,100.0,2,0,2,0,0,0,2,4,-4
Kiki Iriafen,WSH,WSH vs. ATL,09/30/2026,2026,L,35,15,5,12,41.7,0,2,0.0,5,6,83.3,4,12,16,3,0,0,3,4,-17
Shakira Austin,WSH,WSH vs. ATL,09/30/2026,2026,L,33,9,3,9,33.3,1,1,100.0,2,2,100.0,2,1,3,1,1,0,4,3,-13
Sonia Citron,WSH,WSH vs. ATL,09/30/2026,2026,L,38,25,6,13,46.2,3,6,50.0,10,11,90.9,1,6,7,2,1,0,5,4,-15
Georgia Amoore,WSH,WSH vs. ATL,09/30/2026,2026,L,28,2,1,5,20.0,0,4,0.0,0,0,0.0,1,4,5,4,1,1,2,3,-16
Angela Dugalic,WSH,WSH vs. ATL,09/30/2026,2026,L,1,0,0,1,0.0,0,1,0.0,0,0,0.0,0,0,0,0,0,0,0,0,0
Aari McDonald,MIN,MIN @ NY,09/29/2026,2026,L,14,8,3,5,60.0,2,4,50.0,0,0,0.0,0,0,0,3,1,0,0,0,+2
Natasha Howard,MIN,MIN @ NY,09/29/2026,2026,L,16,2,1,3,33.3,0,0,0.0,0,0,0.0,3,2,5,1,0,2,1,1,-11
Napheesa Collier,MIN,MIN @ NY,09/29/2026,2026,L,33,14,6,14,42.9,0,0,0.0,2,4,50.0,4,3,7,1,0,0,2,5,-14
Kayla McBride,MIN,MIN @ NY,09/29/2026,2026,L,39,14,4,13,30.8,3,5,60.0,3,4,75.0,0,3,3,4,3,0,1,1,-16
Courtney Williams,MIN,MIN @ NY,09/29/2026,2026,L,38,18,8,17,47.1,1,2,50.0,1,1,100.0,3,5,8,5,0,0,2,3,-12
Olivia Miles,MIN,MIN @ NY,09/29/2026,2026,L,17,5,1,8,12.5,1,4,25.0,2,2,100.0,0,2,2,1,0,1,1,3,-14
Nia Brodie,MIN,MIN @ NY,09/29/2026,2026,L,24,10,3,7,42.9,1,4,25.0,3,3,100.0,1,1,2,2,1,1,2,4,+2
Dorka Juhasz,MIN,MIN @ NY,09/29/2026,2026,L,11,0,0,0,0.0,0,0,0.0,0,0,0.0,0,0,0,0,2,0,0,0,-16
Sophie Cunningham,IND,IND vs. LV,09/29/2026,2026,W,23,4,1,4,25.0,0,2,0.0,2,2,100.0,0,2,2,0,0,0,0,2,-1
Maya Caldwell,MIN,MIN @ NY,09/29/2026,2026,L,8,0,0,1,0.0,0,1,0.0,0,0,0.0,0,2,2,2,1,0,1,2,-1
Kelsey Mitchell,IND,IND vs. LV,09/29/2026,2026,W,34,26,7,16,43.8,3,4,75.0,9,11,81.8,1,0,1,0,0,1,0,3,+3
Breanna Stewart,NY,NY vs. MIN,09/29/2026,2026,W,40,21,6,16,37.5,0,4,0.0,9,9,100.0,1,4,5,4,2,2,2,0,+16
Stephanie Talbot,LV,LV @ IND,09/29/2026,2026,L,27,9,4,6,66.7,0,2,0.0,1,2,50.0,2,3,5,1,1,2,2,5,-7
Brianna Turner,LV,LV @ IND,09/29/2026,2026,L,8,0,0,0,0.0,0,0,0.0,0,0,0.0,1,1,2,0,0,0,1,1,-4
A'ja Wilson,LV,LV @ IND,09/29/2026,2026,L,34,22,5,11,45.5,0,1,0.0,12,13,92.3,0,9,9,2,3,0,4,4,-16
Chelsea Gray,LV,LV @ IND,09/29/2026,2026,L,37,10,4,11,36.4,2,7,28.6,0,0,0.0,0,1,1,7,2,0,2,4,-10
Jackie Young,LV,LV @ IND,09/29/2026,2026,L,36,31,7,19,36.8,4,9,44.4,13,13,100.0,2,2,4,5,0,0,1,2,-11
Cheyenne Parker-Tyus,LV,LV @ IND,09/29/2026,2026,L,15,9,3,5,60.0,1,2,50.0,2,4,50.0,1,2,3,0,0,2,0,2,+1
Kierstan Bell,LV,LV @ IND,09/29/2026,2026,L,1,0,0,0,0.0,0,0,0.0,0,0,0.0,0,0,0,0,0,0,0,0,0
Jewell Loyd,LV,LV @ IND,09/29/2026,2026,L,31,8,2,4,50.0,2,4,50.0,2,2,100.0,1,5,6,2,3,0,0,1,+1
Justine Pissott,LV,LV @ IND,09/29/2026,2026,L,1,0,0,0,0.0,0,0,0.0,0,0,0.0,0,0,0,0,0,0,0,0,0
Mai Yamamoto,LV,LV @ IND,09/29/2026,2026,L,10,0,0,3,0.0,0,3,0.0,0,0,0.0,0,0,0,0,0,0,1,0,-4
Makayla Timpson,IND,IND vs. LV,09/29/2026,2026,W,9,6,3,6,50.0,0,0,0.0,0,0,0.0,1,3,4,0,1,0,2,1,-2
Aliyah Boston,IND,IND vs. LV,09/29/2026,2026,W,30,22,10,15,66.7,0,1,0.0,2,6,33.3,2,2,4,5,1,1,2,2,+13
Kalani Brown,LV,LV @ IND,09/29/2026,2026,L,1,0,0,0,0.0,0,0,0.0,0,0,0.0,0,0,0,0,0,0,0,0,0
Lexie Hull,IND,IND vs. LV,09/29/2026,2026,W,26,4,2,5,40.0,0,1,0.0,0,1,0.0,3,4,7,1,1,0,0,3,+9
Rebecca Allen,NY,NY vs. MIN,09/29/2026,2026,W,11,0,0,2,0.0,0,2,0.0,0,0,0.0,0,2,2,0,0,1,1,4,+7
Leonie Fiebich,NY,NY vs. MIN,09/29/2026,2026,W,29,7,2,5,40.0,1,4,25.0,2,2,100.0,2,1,3,1,0,0,0,4,+9
Caitlin Clark,IND,IND vs. LV,09/29/2026,2026,W,33,27,9,18,50.0,5,11,45.5,4,4,100.0,1,6,7,15,0,0,5,6,+15
Jonquel Jones,NY,NY vs. MIN,09/29/2026,2026,W,32,21,9,14,64.3,1,3,33.3,2,2,100.0,6,7,13,2,0,1,2,1,+15
Sabrina Ionescu,NY,NY vs. MIN,09/29/2026,2026,W,33,18,7,15,46.7,4,10,40.0,0,0,0.0,0,4,4,7,3,0,2,4,+15
Pauline Astier,NY,NY vs. MIN,09/29/2026,2026,W,33,4,2,7,28.6,0,1,0.0,0,0,0.0,2,3,5,3,2,0,3,3,+12
Rebekah Gardner,NY,NY vs. MIN,09/29/2026,2026,W,6,2,1,1,100.0,0,0,0.0,0,0,0.0,1,0,1,0,0,0,0,1,+2
Han Xu,NY,NY vs. MIN,09/29/2026,2026,W,8,6,2,4,50.0,2,4,50.0,0,0,0.0,0,2,2,0,0,0,1,0,+1
Marine Johannes,NY,NY vs. MIN,09/29/2026,2026,W,8,8,3,5,60.0,2,4,50.0,0,0,0.0,0,1,1,2,0,0,0,0,+3
Raven Johnson,IND,IND vs. LV,09/29/2026,2026,W,22,6,3,5,60.0,0,2,0.0,0,0,0.0,0,2,2,0,1,1,0,2,+15
Monique Billings,IND,IND vs. LV,09/29/2026,2026,W,9,2,1,1,100.0,0,0,0.0,0,0,0.0,1,1,2,0,0,0,0,3,-5
Myisha Hines-Allen,IND,IND vs. LV,09/29/2026,2026,W,13,2,1,1,100.0,0,0,0.0,0,0,0.0,2,3,5,1,1,0,2,2,+3
Sabrina Ionescu,NY,NY @ MIN,09/27/2026,2026,W,28,13,4,14,28.6,3,8,37.5,2,2,100.0,0,0,0,6,2,0,2,1,+12
Justine Pissott,LV,LV vs. IND,09/27/2026,2026,W,1,0,0,0,0.0,0,0,0.0,0,0,0.0,0,0,0,0,0,0,0,0,-2
Jewell Loyd,LV,LV vs. IND,09/27/2026,2026,W,28,10,4,6,66.7,2,3,66.7,0,0,0.0,0,2,2,0,1,0,1,0,+12
Mai Yamamoto,LV,LV vs. IND,09/27/2026,2026,W,13,4,2,6,33.3,0,3,0.0,0,0,0.0,0,0,0,0,0,0,1,3,-13
Breanna Stewart,NY,NY @ MIN,09/27/2026,2026,W,38,34,11,18,61.1,2,3,66.7,10,12,83.3,1,11,12,6,2,2,5,3,+17
Leonie Fiebich,NY,NY @ MIN,09/27/2026,2026,W,34,16,6,7,85.7,4,5,80.0,0,0,0.0,0,8,8,3,1,1,3,4,+21
Jonquel Jones,NY,NY @ MIN,09/27/2026,2026,W,26,8,2,5,40.0,2,3,66.7,2,2,100.0,2,3,5,3,1,1,1,2,+4
Rebecca Allen,NY,NY @ MIN,09/27/2026,2026,W,6,0,0,1,0.0,0,1,0.0,0,0,0.0,0,0,0,0,0,0,0,0,-5
Pauline Astier,NY,NY @ MIN,09/27/2026,2026,W,29,7,3,6,50.0,1,1,100.0,0,0,0.0,1,7,8,5,1,0,4,4,+19
Anneli Maley,NY,NY @ MIN,09/27/2026,2026,W,2,0,0,0,0.0,0,0,0.0,0,0,0.0,0,1,1,0,0,0,0,0,-1
Raquel Carrera,NY,NY @ MIN,09/27/2026,2026,W,2,0,0,0,0.0,0,0,0.0,0,0,0.0,0,0,0,0,1,0,1,1,-1
Han Xu,NY,NY @ MIN,09/27/2026,2026,W,12,5,2,2,100.0,1,1,100.0,0,0,0.0,0,1,1,0,1,2,0,1,+13
Rebekah Gardner,NY,NY @ MIN,09/27/2026,2026,W,11,4,2,4,50.0,0,1,0.0,0,0,0.0,1,2,3,0,1,0,2,3,-3
Kierstan Bell,LV,LV vs. IND,09/27/2026,2026,W,2,0,0,0,0.0,0,0,0.0,0,0,0.0,0,0,0,0,0,0,0,1,-2
Marine Johannes,NY,NY @ MIN,09/27/2026,2026,W,10,2,1,3,33.3,0,2,0.0,0,0,0.0,0,0,0,2,0,0,0,1,+5
Kalani Brown,LV,LV vs. IND,09/27/2026,2026,W,1,0,0,0,0.0,0,0,0.0,0,0,0.0,0,0,0,0,0,0,0,0,-2
Aliyah Boston,IND,IND @ LV,09/27/2026,2026,L,25,18,7,12,58.3,3,6,50.0,1,2,50.0,4,4,8,4,1,0,0,5,-1
Cheyenne Parker-Tyus,LV,LV vs. IND,09/27/2026,2026,W,15,7,3,3,100.0,1,1,100.0,0,0,0.0,0,2,2,1,1,1,0,3,+6
Grace VanSlooten,IND,IND @ LV,09/27/2026,2026,L,2,2,0,0,0.0,0,0,0.0,2,2,100.0,0,0,0,0,0,0,0,0,+2
Natasha Howard,MIN,MIN vs. NY,09/27/2026,2026,L,18,8,3,5,60.0,0,0,0.0,2,4,50.0,1,1,2,2,0,0,2,5,-16
Makayla Timpson,IND,IND @ LV,09/27/2026,2026,L,25,2,1,4,25.0,0,0,0.0,0,0,0.0,2,5,7,1,1,0,2,2,-26
Kelsey Mitchell,IND,IND @ LV,09/27/2026,2026,L,30,12,4,16,25.0,1,6,16.7,3,3,100.0,0,0,0,3,1,0,3,3,-16
Lexie Hull,IND,IND @ LV,09/27/2026,2026,L,18,5,1,3,33.3,1,2,50.0,2,2,100.0,0,1,1,0,0,0,0,4,-5
Caitlin Clark,IND,IND @ LV,09/27/2026,2026,L,34,15,6,17,35.3,3,10,30.0,0,0,0.0,0,3,3,10,0,0,6,5,-18
Monique Billings,IND,IND @ LV,09/27/2026,2026,L,12,4,2,2,100.0,0,0,0.0,0,0,0.0,2,1,3,0,2,0,2,1,-2
Mercedes Russell,IND,IND @ LV,09/27/2026,2026,L,4,0,0,0,0.0,0,0,0.0,0,0,0.0,0,1,1,1,0,0,0,1,+1
Jackie Young,LV,LV vs. IND,09/27/2026,2026,W,34,21,8,14,57.1,3,7,42.9,2,2,100.0,0,2,2,10,3,0,6,2,+27
Sophie Cunningham,IND,IND @ LV,09/27/2026,2026,L,29,13,3,6,50.0,3,6,50.0,4,4,100.0,0,1,1,0,1,0,1,2,-20
Raven Johnson,IND,IND @ LV,09/27/2026,2026,L,22,14,6,7,85.7,1,1,100.0,1,1,100.0,0,0,0,1,2,0,2,2,0
Stephanie Talbot,LV,LV vs. IND,09/27/2026,2026,W,28,8,2,8,25.0,1,2,50.0,3,4,75.0,1,1,2,3,0,1,0,2,+5
Brianna Turner,LV,LV vs. IND,09/27/2026,2026,W,8,0,0,0,0.0,0,0,0.0,0,0,0.0,0,2,2,0,0,0,0,2,-2
A'ja Wilson,LV,LV vs. IND,09/27/2026,2026,W,35,38,15,19,78.9,2,2,100.0,6,7,85.7,4,12,16,2,2,4,3,3,+29
Chelsea Gray,LV,LV vs. IND,09/27/2026,2026,W,34,14,4,8,50.0,0,1,0.0,6,7,85.7,0,5,5,8,1,0,5,2,+27
Marine Fauthoux,NY,NY @ MIN,09/27/2026,2026,W,2,2,0,1,0.0,0,0,0.0,2,2,100.0,0,0,0,0,0,0,1,0,-1
Kayla McBride,MIN,MIN vs. NY,09/27/2026,2026,L,38,14,5,12,41.7,2,7,28.6,2,2,100.0,1,1,2,6,1,0,2,2,-17
Napheesa Collier,MIN,MIN vs. NY,09/27/2026,2026,L,33,12,6,14,42.9,0,3,0.0,0,0,0.0,1,4,5,3,1,0,3,5,-23
Janelle Salaun,GS,GS vs. DAL,09/27/2026,2026,W,21,3,1,6,16.7,1,4,25.0,0,0,0.0,0,2,2,0,0,0,0,1,+7
Tiffany Hayes,GS,GS vs. DAL,09/27/2026,2026,W,19,21,7,10,70.0,3,5,60.0,4,4,100.0,0,1,1,4,2,0,0,0,+5
Kaila Charles,GS,GS vs. DAL,09/27/2026,2026,W,19,3,1,3,33.3,1,2,50.0,0,0,0.0,2,3,5,1,0,0,1,2,+16
Kaitlyn Chen,GS,GS vs. DAL,09/27/2026,2026,W,17,8,3,7,42.9,2,4,50.0,0,0,0.0,1,1,2,2,0,0,0,4,+3
Juste Jocyte,GS,GS vs. DAL,09/27/2026,2026,W,3,3,1,1,100.0,1,1,100.0,0,0,0.0,0,0,0,0,0,0,1,0,0
Michaela Onyenwere,WSH,WSH @ ATL,09/27/2026,2026,L,26,8,3,9,33.3,1,5,20.0,1,2,50.0,2,2,4,0,1,0,4,5,-4
Kiki Iriafen,WSH,WSH @ ATL,09/27/2026,2026,L,23,15,7,14,50.0,0,1,0.0,1,2,50.0,9,5,14,0,1,0,3,4,-11
Shakira Austin,WSH,WSH @ ATL,09/27/2026,2026,L,34,12,4,11,36.4,0,1,0.0,4,6,66.7,1,15,16,2,0,0,4,2,-14
Sonia Citron,WSH,WSH @ ATL,09/27/2026,2026,L,35,25,8,15,53.3,2,4,50.0,7,9,77.8,1,5,6,3,0,2,3,1,-11
Georgia Amoore,WSH,WSH @ ATL,09/27/2026,2026,L,24,8,3,8,37.5,2,4,50.0,0,0,0.0,1,3,4,3,0,0,4,2,-7
Angela Dugalic,WSH,WSH @ ATL,09/27/2026,2026,L,1,0,0,0,0.0,0,0,0.0,0,0,0.0,0,0,0,0,0,0,0,0,-2
Lauren Betts,WSH,WSH @ ATL,09/27/2026,2026,L,23,2,1,4,25.0,0,0,0.0,0,0,0.0,0,4,4,1,0,3,2,1,-3
Betnijah Laney-Hamilton,WSH,WSH @ ATL,09/27/2026,2026,L,13,3,1,1,100.0,1,1,100.0,0,0,0.0,0,1,1,1,0,0,1,0,-9
Cotie McMahon,WSH,WSH @ ATL,09/27/2026,2026,L,20,4,1,5,20.0,0,3,0.0,2,3,66.7,0,0,0,3,0,0,1,5,-10
Cassandre Prosper,WSH,WSH @ ATL,09/27/2026,2026,L,1,0,0,1,0.0,0,0,0.0,0,0,0.0,1,0,1,0,0,0,0,0,-2
Alicia Florez,WSH,WSH @ ATL,09/27/2026,2026,L,1,0,0,0,0.0,0,0,0.0,0,0,0.0,0,0,0,0,0,0,0,0,-2
Naz Hillmon,ATL,ATL vs. WSH,09/27/2026,2026,W,21,4,2,4,50.0,0,1,0.0,0,0,0.0,1,2,3,1,3,0,0,0,+2
Allisha Gray,ATL,ATL vs. WSH,09/27/2026,2026,W,35,22,8,16,50.0,1,4,25.0,5,5,100.0,0,3,3,0,1,1,1,5,+6
Jordin Canada,ATL,ATL vs. WSH,09/27/2026,2026,W,36,10,4,11,36.4,0,3,0.0,2,2,100.0,0,3,3,10,2,0,3,2,+15
Rhyne Howard,ATL,ATL vs. WSH,09/27/2026,2026,W,39,26,7,18,38.9,2,7,28.6,10,10,100.0,0,1,1,1,5,1,0,4,+19
DeWanna Bonner,ATL,ATL vs. WSH,09/27/2026,2026,W,22,13,4,8,50.0,1,4,25.0,4,4,100.0,0,4,4,2,2,1,1,1,+5
Madina Okot,ATL,ATL vs. WSH,09/27/2026,2026,W,7,4,2,3,66.7,0,0,0.0,0,0,0.0,1,4,5,0,1,1,1,1,+12
Te-Hina Paopao,ATL,ATL vs. WSH,09/27/2026,2026,W,4,0,0,0,0.0,0,0,0.0,0,0,0.0,0,0,0,0,0,0,0,2,0
Isobel Borlase,ATL,ATL vs. WSH,09/27/2026,2026,W,6,0,0,1,0.0,0,0,0.0,0,0,0.0,0,0,0,0,0,0,0,1,+5
Aminata Gueye,GS,GS vs. DAL,09/27/2026,2026,W,10,2,1,4,25.0,0,1,0.0,0,0,0.0,1,2,3,2,2,0,1,3,-5
Angel Reese,ATL,ATL vs. WSH,09/27/2026,2026,W,30,13,4,15,26.7,1,2,50.0,4,5,80.0,3,9,12,1,2,1,1,5,+11
Laeticia Amihere,GS,GS vs. DAL,09/27/2026,2026,W,6,0,0,1,0.0,0,1,0.0,0,0,0.0,0,1,1,0,0,0,1,0,-2
Arike Ogunbowale,DAL,DAL @ GS,09/27/2026,2026,L,25,10,2,7,28.6,0,1,0.0,6,6,100.0,0,1,1,4,0,0,1,3,-31
Veronica Burton,GS,GS vs. DAL,09/27/2026,2026,W,23,10,3,7,42.9,2,2,100.0,2,2,100.0,0,3,3,5,0,1,0,3,+21
Courtney Williams,MIN,MIN vs. NY,09/27/2026,2026,L,35,9,3,12,25.0,1,3,33.3,2,2,100.0,0,3,3,5,0,2,1,0,-18
Olivia Miles,MIN,MIN vs. NY,09/27/2026,2026,L,30,11,3,12,25.0,1,4,25.0,4,4,100.0,0,8,8,1,0,1,4,4,-16
Nia Brodie,MIN,MIN vs. NY,09/27/2026,2026,L,19,16,6,7,85.7,4,5,80.0,0,1,0.0,0,1,1,0,0,1,0,4,-2
Chloe Bibby,MIN,MIN vs. NY,09/27/2026,2026,L,2,5,2,4,50.0,1,3,33.3,0,0,0.0,0,0,0,0,0,0,0,0,+1
Dorka Juhasz,MIN,MIN vs. NY,09/27/2026,2026,L,8,0,0,1,0.0,0,1,0.0,0,0,0.0,0,0,0,1,1,0,0,0,+8
Antonia Delaere,MIN,MIN vs. NY,09/27/2026,2026,L,2,0,0,0,0.0,0,0,0.0,0,0,0.0,0,0,0,0,0,0,0,0,+1
Aari McDonald,MIN,MIN vs. NY,09/27/2026,2026,L,2,0,0,0,0.0,0,0,0.0,0,0,0.0,1,0,1,1,0,0,1,1,+3
Jessica Shepard,DAL,DAL @ GS,09/27/2026,2026,L,24,0,0,7,0.0,0,0,0.0,0,0,0.0,0,3,3,3,0,0,3,3,-30
Maddy Siegrist,DAL,DAL @ GS,09/27/2026,2026,L,21,11,4,9,44.4,1,2,50.0,2,3,66.7,2,1,3,0,0,0,0,0,-18
Awak Kuier,DAL,DAL @ GS,09/27/2026,2026,L,20,2,1,5,20.0,0,4,0.0,0,0,0.0,0,4,4,0,0,0,1,0,-25
Maya Caldwell,MIN,MIN vs. NY,09/27/2026,2026,L,12,0,0,0,0.0,0,0,0.0,0,0,0.0,1,0,1,1,1,0,0,2,-1
Paige Bueckers,DAL,DAL @ GS,09/27/2026,2026,L,25,21,9,10,90.0,2,2,100.0,1,1,100.0,1,5,6,2,0,0,1,1,-23
Aziaha James,DAL,DAL @ GS,09/27/2026,2026,L,13,7,2,6,33.3,0,3,0.0,3,4,75.0,0,0,0,2,1,0,0,2,-2
Kiah Stokes,GS,GS vs. DAL,09/27/2026,2026,W,20,2,0,2,0.0,0,2,0.0,2,2,100.0,2,6,8,2,0,1,0,1,+20
Cecilia Zandalasini,GS,GS vs. DAL,09/27/2026,2026,W,16,22,7,11,63.6,4,5,80.0,4,5,80.0,0,0,0,1,0,0,0,2,+17
Alysha Clark,DAL,DAL @ GS,09/27/2026,2026,L,19,4,2,3,66.7,0,1,0.0,0,0,0.0,1,3,4,1,0,0,1,2,-6
Kayla Thornton,GS,GS vs. DAL,09/27/2026,2026,W,19,10,4,6,66.7,2,4,50.0,0,0,0.0,0,5,5,1,0,0,0,1,+11
Haley Jones,DAL,DAL @ GS,09/27/2026,2026,L,6,0,0,1,0.0,0,0,0.0,0,0,0.0,0,2,2,0,1,1,2,0,+9
Gabby Williams,GS,GS vs. DAL,09/27/2026,2026,W,27,20,8,16,50.0,2,5,40.0,2,3,66.7,0,3,3,4,1,0,0,2,+27
Kitija Laksa,DAL,DAL @ GS,09/27/2026,2026,L,15,11,4,5,80.0,3,4,75.0,0,0,0.0,0,1,1,0,0,0,0,2,+1
Odyssey Sims,DAL,DAL @ GS,09/27/2026,2026,L,15,7,2,4,50.0,0,2,0.0,3,3,100.0,0,3,3,7,0,0,1,1,-1
Li Yueru,DAL,DAL @ GS,09/27/2026,2026,L,16,7,2,3,66.7,0,1,0.0,3,3,100.0,1,2,3,0,1,1,0,1,+6
NaLyssa Smith,LV,LV @ PHX,10/10/2025,2025,W,23,5,2,4,50.0,0,0,0.0,1,2,50.0,4,1,5,0,1,0,2,4,+16
Dana Evans,LV,LV @ PHX,10/10/2025,2025,W,21,10,3,7,42.9,2,5,40.0,2,2,100.0,0,1,1,2,0,0,0,3,+4
Kierstan Bell,LV,LV @ PHX,10/10/2025,2025,W,7,3,1,1,100.0,1,1,100.0,0,0,0.0,0,1,1,0,1,0,0,0,-1
A'ja Wilson,LV,LV @ PHX,10/10/2025,2025,W,36,31,7,21,33.3,0,2,0.0,17,19,89.5,1,8,9,4,2,3,2,3,+3
Chelsea Gray,LV,LV @ PHX,10/10/2025,2025,W,38,18,6,15,40.0,4,9,44.4,2,4,50.0,0,4,4,4,2,2,0,2,+9
Jackie Young,LV,LV @ PHX,10/10/2025,2025,W,35,18,5,14,35.7,1,6,16.7,7,8,87.5,2,5,7,8,1,0,2,0,+1
Kiah Stokes,LV,LV @ PHX,10/10/2025,2025,W,1,0,0,0,0.0,0,0,0.0,0,0,0.0,0,0,0,0,0,0,0,0,-2
Megan DiLeo,LV,LV @ PHX,10/10/2025,2025,W,9,0,0,0,0.0,0,0,0.0,0,0,0.0,0,1,1,0,0,0,0,1,+7
Jewell Loyd,LV,LV @ PHX,10/10/2025,2025,W,31,12,4,10,40.0,4,8,50.0,0,0,0.0,3,1,4,1,1,1,1,3,+18
Kahleah Copper,PHX,PHX vs. LV,10/10/2025,2025,L,36,30,12,22,54.5,0,4,0.0,6,7,85.7,1,5,6,1,0,0,3,6,-7
DeWanna Bonner,PHX,PHX vs. LV,10/10/2025,2025,L,35,10,4,10,40.0,1,2,50.0,1,1,100.0,1,9,10,1,0,1,0,4,-5
Natasha Mack,PHX,PHX vs. LV,10/10/2025,2025,L,2,0,0,0,0.0,0,0,0.0,0,0,0.0,0,0,0,0,0,0,0,2,-1
Monique Akoa Makani,PHX,PHX vs. LV,10/10/2025,2025,L,29,10,3,7,42.9,1,3,33.3,3,3,100.0,1,4,5,4,2,0,3,2,-13
Kathryn Westbeld,PHX,PHX vs. LV,10/10/2025,2025,L,16,3,1,4,25.0,1,4,25.0,0,0,0.0,1,2,3,0,0,1,1,3,-14
Kalani Brown,PHX,PHX vs. LV,10/10/2025,2025,L,18,10,3,6,50.0,0,0,0.0,4,5,80.0,1,3,4,0,1,2,2,4,0
Sami Whitcomb,PHX,PHX vs. LV,10/10/2025,2025,L,17,3,1,4,25.0,1,4,25.0,0,0,0.0,0,0,0,1,0,1,0,1,-7
Lexi Held,PHX,PHX vs. LV,10/10/2025,2025,L,7,3,1,1,100.0,1,1,100.0,0,0,0.0,0,1,1,0,0,0,0,0,+3
Alyssa Thomas,PHX,PHX vs. LV,10/10/2025,2025,L,40,17,7,11,63.6,0,0,0.0,3,3,100.0,3,9,12,10,0,0,9,3,-11
Kahleah Copper,PHX,PHX vs. LV,10/08/2025,2025,L,36,17,6,14,42.9,1,5,20.0,4,4,100.0,0,2,2,0,1,0,1,1,-2
Natasha Mack,PHX,PHX vs. LV,10/08/2025,2025,L,7,0,0,1,0.0,0,0,0.0,0,0,0.0,1,1,2,1,0,0,0,1,-9
Satou Sabally,PHX,PHX vs. LV,10/08/2025,2025,L,32,24,8,15,53.3,2,6,33.3,6,8,75.0,1,4,5,3,0,1,5,3,-6
Sami Whitcomb,PHX,PHX vs. LV,10/08/2025,2025,L,25,0,0,5,0.0,0,4,0.0,0,0,0.0,1,0,1,3,1,0,1,1,-3
Monique Akoa Makani,PHX,PHX vs. LV,10/08/2025,2025,L,25,6,2,7,28.6,2,3,66.7,0,0,0.0,1,0,1,1,0,0,1,5,+6
DeWanna Bonner,PHX,PHX vs. LV,10/08/2025,2025,L,31,25,7,11,63.6,2,3,66.7,9,13,69.2,4,6,10,0,0,1,1,5,+6
Kathryn Westbeld,PHX,PHX vs. LV,10/08/2025,2025,L,6,2,1,2,50.0,0,0,0.0,0,0,0.0,0,0,0,0,1,0,0,0,-1
Aaliyah Nye,LV,LV @ PHX,10/08/2025,2025,W,2,0,0,0,0.0,0,0,0.0,0,0,0.0,0,0,0,0,0,0,0,1,-4
Alyssa Thomas,PHX,PHX vs. LV,10/08/2025,2025,L,39,14,5,11,45.5,0,0,0.0,4,6,66.7,2,10,12,9,2,0,3,5,-1
Kiah Stokes,LV,LV @ PHX,10/08/2025,2025,W,0,0,0,0,0.0,0,0,0.0,0,0,0.0,0,0,0,0,0,0,0,0,0
Dana Evans,LV,LV @ PHX,10/08/2025,2025,W,16,6,2,5,40.0,2,2,100.0,0,0,0.0,1,0,1,1,0,0,0,6,-1
Jewell Loyd,LV,LV @ PHX,10/08/2025,2025,W,30,16,4,7,57.1,4,7,57.1,4,4,100.0,3,4,7,1,1,0,2,3,+13
Megan DiLeo,LV,LV @ PHX,10/08/2025,2025,W,11,0,0,1,0.0,0,0,0.0,0,0,0.0,1,1,2,0,1,0,2,2,-5
Jackie Young,LV,LV @ PHX,10/08/2025,2025,W,37,21,7,18,38.9,1,7,14.3,6,6,100.0,1,2,3,9,2,0,0,1,-2
Chelsea Gray,LV,LV @ PHX,10/08/2025,2025,W,39,11,4,11,36.4,1,4,25.0,2,3,66.7,1,1,2,5,3,3,1,4,+7
A'ja Wilson,LV,LV @ PHX,10/08/2025,2025,W,38,34,11,20,55.0,1,2,50.0,11,12,91.7,3,11,14,4,0,3,3,1,-1
Kierstan Bell,LV,LV @ PHX,10/08/2025,2025,W,11,0,0,2,0.0,0,2,0.0,0,0,0.0,0,0,0,0,1,1,0,1,-13
NaLyssa Smith,LV,LV @ PHX,10/08/2025,2025,W,17,2,1,4,25.0,0,0,0.0,0,0,0.0,2,5,7,1,0,1,0,5,+16
Natasha Mack,PHX,PHX @ LV,10/05/2025,2025,L,19,6,3,3,100.0,0,0,0.0,0,0,0.0,2,8,10,0,1,1,0,1,+4
Alyssa Thomas,PHX,PHX @ LV,10/05/2025,2025,L,30,10,5,9,55.6,0,0,0.0,0,0,0.0,3,3,6,5,3,0,3,4,-13
Satou Sabally,PHX,PHX @ LV,10/05/2025,2025,L,27,22,7,19,36.8,2,9,22.2,6,7,85.7,0,9,9,2,0,0,2,0,-3
Dana Evans,LV,LV vs. PHX,10/05/2025,2025,W,26,5,2,5,40.0,1,2,50.0,0,0,0.0,0,0,0,5,0,0,3,3,+1
Kierstan Bell,LV,LV vs. PHX,10/05/2025,2025,W,7,2,1,2,50.0,0,1,0.0,0,0,0.0,0,0,0,0,0,0,0,1,-4
Aaliyah Nye,LV,LV vs. PHX,10/05/2025,2025,W,2,0,0,0,0.0,0,0,0.0,0,0,0.0,0,0,0,0,0,0,0,0,0
Kahleah Copper,PHX,PHX @ LV,10/05/2025,2025,L,31,23,9,18,50.0,3,8,37.5,2,3,66.7,2,1,3,0,0,0,2,3,-21
Jewell Loyd,LV,LV vs. PHX,10/05/2025,2025,W,30,9,3,8,37.5,3,7,42.9,0,0,0.0,2,5,7,0,3,2,0,2,+21
Megan DiLeo,LV,LV vs. PHX,10/05/2025,2025,W,13,2,1,3,33.3,0,2,0.0,0,0,0.0,0,0,0,0,0,0,0,2,-3
Cheyenne Parker-Tyus,LV,LV vs. PHX,10/05/2025,2025,W,2,0,0,1,0.0,0,1,0.0,0,0,0.0,0,1,1,0,0,0,0,0,0
Chelsea Gray,LV,LV vs. PHX,10/05/2025,2025,W,35,10,4,9,44.4,1,3,33.3,1,2,50.0,1,7,8,10,3,3,3,1,+14
A'ja Wilson,LV,LV vs. PHX,10/05/2025,2025,W,32,28,13,23,56.5,0,0,0.0,2,4,50.0,3,11,14,3,1,0,3,2,+21
Jackie Young,LV,LV vs. PHX,10/05/2025,2025,W,34,32,12,20,60.0,3,7,42.9,5,5,100.0,3,5,8,2,1,0,3,2,+10
NaLyssa Smith,LV,LV vs. PHX,10/05/2025,2025,W,21,3,1,4,25.0,0,0,0.0,1,2,50.0,0,5,5,1,1,1,1,2,+5
Kiana Williams,PHX,PHX @ LV,10/05/2025,2025,L,4,2,1,1,100.0,0,0,0.0,0,0,0.0,0,1,1,0,0,0,0,1,+3
Kitija Laksa,PHX,PHX @ LV,10/05/2025,2025,L,4,0,0,1,0.0,0,1,0.0,0,0,0.0,1,0,1,0,0,0,0,0,+3
Sami Whitcomb,PHX,PHX @ LV,10/05/2025,2025,L,14,0,0,3,0.0,0,2,0.0,0,0,0.0,0,0,0,2,1,0,1,0,-13
Kalani Brown,PHX,PHX @ LV,10/05/2025,2025,L,4,2,0,1,0.0,0,0,0.0,2,2,100.0,0,0,0,0,1,0,1,0,+3
Kathryn Westbeld,PHX,PHX @ LV,10/05/2025,2025,L,17,0,0,3,0.0,0,3,0.0,0,0,0.0,0,3,3,0,1,0,1,3,-15
DeWanna Bonner,PHX,PHX @ LV,10/05/2025,2025,L,23,4,1,5,20.0,0,2,0.0,2,2,100.0,0,0,0,1,1,0,0,0,-9
Monique Akoa Makani,PHX,PHX @ LV,10/05/2025,2025,L,27,9,3,8,37.5,0,3,0.0,3,4,75.0,0,1,1,7,1,0,1,2,-4
Natasha Mack,PHX,PHX @ LV,10/03/2025,2025,L,16,4,2,3,66.7,0,0,0.0,0,0,0.0,0,4,4,1,0,2,1,0,+8
Dana Evans,LV,LV vs. PHX,10/03/2025,2025,W,26,21,8,13,61.5,5,6,83.3,0,0,0.0,0,2,2,3,4,0,0,0,+9
Jewell Loyd,LV,LV vs. PHX,10/03/2025,2025,W,35,18,8,16,50.0,2,7,28.6,0,0,0.0,2,2,4,0,0,0,1,4,+3
Megan DiLeo,LV,LV vs. PHX,10/03/2025,2025,W,11,2,1,1,100.0,0,0,0.0,0,0,0.0,0,1,1,1,0,0,0,0,+4
Kiah Stokes,LV,LV vs. PHX,10/03/2025,2025,W,0,0,0,0,0.0,0,0,0.0,0,0,0.0,0,0,0,0,0,0,0,0,0
Jackie Young,LV,LV vs. PHX,10/03/2025,2025,W,32,10,3,13,23.1,0,6,0.0,4,4,100.0,1,1,2,5,2,0,2,5,-6
Chelsea Gray,LV,LV vs. PHX,10/03/2025,2025,W,35,8,2,7,28.6,1,4,25.0,3,3,100.0,0,7,7,10,1,1,1,1,+10
Alyssa Thomas,PHX,PHX @ LV,10/03/2025,2025,L,38,15,7,10,70.0,0,0,0.0,1,4,25.0,0,10,10,9,0,1,5,1,-2
A'ja Wilson,LV,LV vs. PHX,10/03/2025,2025,W,38,21,7,16,43.8,0,1,0.0,7,9,77.8,4,6,10,5,1,2,0,0,+2
Satou Sabally,PHX,PHX @ LV,10/03/2025,2025,L,31,19,6,12,50.0,3,7,42.9,4,4,100.0,2,2,4,4,0,0,2,5,0
Kahleah Copper,PHX,PHX @ LV,10/03/2025,2025,L,36,21,7,12,58.3,5,9,55.6,2,2,100.0,1,3,4,1,0,0,0,3,0
Monique Akoa Makani,PHX,PHX @ LV,10/03/2025,2025,L,26,11,3,6,50.0,2,3,66.7,3,3,100.0,0,2,2,3,2,0,3,2,-1
DeWanna Bonner,PHX,PHX @ LV,10/03/2025,2025,L,26,10,4,13,30.8,2,7,28.6,0,0,0.0,2,6,8,0,1,1,1,3,-12
Kathryn Westbeld,PHX,PHX @ LV,10/03/2025,2025,L,5,0,0,2,0.0,0,2,0.0,0,0,0.0,0,1,1,2,0,0,0,0,+1
Sami Whitcomb,PHX,PHX @ LV,10/03/2025,2025,L,22,6,2,8,25.0,2,8,25.0,0,0,0.0,1,1,2,0,1,0,0,3,-9
NaLyssa Smith,LV,LV vs. PHX,10/03/2025,2025,W,16,4,2,2,100.0,0,0,0.0,0,4,0.0,1,5,6,0,1,0,1,2,-6
Aaliyah Nye,LV,LV vs. PHX,10/03/2025,2025,W,1,0,0,1,0.0,0,1,0.0,0,0,0.0,0,0,0,0,0,0,0,0,-1
Kierstan Bell,LV,LV vs. PHX,10/03/2025,2025,W,5,5,2,3,66.7,1,2,50.0,0,0,0.0,0,1,1,0,0,0,0,0,0
Natasha Howard,IND,IND @ LV,09/30/2025,2025,L,33,16,7,16,43.8,0,2,0.0,2,2,100.0,4,3,7,5,1,0,3,3,-13
Brianna Turner,IND,IND @ LV,09/30/2025,2025,L,23,2,1,1,100.0,0,0,0.0,0,0,0.0,0,3,3,1,1,0,0,4,-5
Dana Evans,LV,LV vs. IND,09/30/2025,2025,W,20,5,2,7,28.6,1,4,25.0,0,0,0.0,0,0,0,2,0,0,4,3,+16
Jewell Loyd,LV,LV vs. IND,09/30/2025,2025,W,32,8,2,7,28.6,2,4,50.0,2,2,100.0,4,2,6,1,0,0,0,2,+12
Megan DiLeo,LV,LV vs. IND,09/30/2025,2025,W,18,5,2,2,100.0,1,1,100.0,0,0,0.0,0,0,0,2,0,1,0,1,-1
Kiah Stokes,LV,LV vs. IND,09/30/2025,2025,W,0,0,0,0,0.0,0,0,0.0,0,0,0.0,0,0,0,0,0,0,0,0,-2
Jackie Young,LV,LV vs. IND,09/30/2025,2025,W,44,32,10,20,50.0,4,11,36.4,8,8,100.0,1,3,4,10,1,0,0,5,+10
Chelsea Gray,LV,LV vs. IND,09/30/2025,2025,W,39,17,7,12,58.3,2,5,40.0,1,1,100.0,0,2,2,6,3,2,1,2,+4
A'ja Wilson,LV,LV vs. IND,09/30/2025,2025,W,41,35,13,27,48.1,1,1,100.0,8,10,80.0,1,7,8,5,4,4,1,2,+12
Kierstan Bell,LV,LV vs. IND,09/30/2025,2025,W,6,0,0,0,0.0,0,0,0.0,0,0,0.0,0,0,0,0,0,0,0,0,-6
Aerial Powers,IND,IND @ LV,09/30/2025,2025,L,6,2,1,1,100.0,0,0,0.0,0,0,0.0,0,1,1,0,1,0,1,1,+3
Shey Peddy,IND,IND @ LV,09/30/2025,2025,L,22,13,5,9,55.6,3,5,60.0,0,0,0.0,0,2,2,2,0,0,0,3,-10
Makayla Timpson,IND,IND @ LV,09/30/2025,2025,L,2,0,0,0,0.0,0,0,0.0,0,0,0.0,0,0,0,0,0,0,0,0,-2
NaLyssa Smith,LV,LV vs. IND,09/30/2025,2025,W,26,5,2,5,40.0,0,0,0.0,1,1,100.0,0,1,1,0,1,3,1,5,0
Lexie Hull,IND,IND @ LV,09/30/2025,2025,L,43,12,5,12,41.7,0,5,0.0,2,2,100.0,0,7,7,3,0,1,5,1,-9
Odyssey Sims,IND,IND @ LV,09/30/2025,2025,L,41,27,7,14,50.0,1,2,50.0,12,13,92.3,0,2,2,6,1,0,5,5,-7
Aliyah Boston,IND,IND @ LV,09/30/2025,2025,L,32,11,5,12,41.7,0,0,0.0,1,2,50.0,7,9,16,2,0,0,3,6,+2
Kelsey Mitchell,IND,IND @ LV,09/30/2025,2025,L,23,15,4,8,50.0,3,3,100.0,4,5,80.0,1,1,2,2,0,0,2,2,-4
Aliyah Boston,IND,IND vs. LV,09/28/2025,2025,W,34,24,7,15,46.7,0,0,0.0,10,13,76.9,4,10,14,5,2,2,2,4,+12
Courtney Williams,MIN,MIN @ PHX,09/28/2025,2025,L,33,20,9,22,40.9,2,6,33.3,0,0,0.0,0,3,3,6,2,0,0,3,+2
Kayla McBride,MIN,MIN @ PHX,09/28/2025,2025,L,38,31,10,23,43.5,6,11,54.5,5,5,100.0,1,3,4,2,1,1,0,0,-5
Alanna Smith,MIN,MIN @ PHX,09/28/2025,2025,L,27,8,4,6,66.7,0,1,0.0,0,0,0.0,2,6,8,1,1,2,1,4,-1
Bridget Carleton,MIN,MIN @ PHX,09/28/2025,2025,L,29,3,1,2,50.0,1,1,100.0,0,0,0.0,0,3,3,1,2,1,1,4,-8
Jessica Shepard,MIN,MIN @ PHX,09/28/2025,2025,L,36,14,6,11,54.5,0,1,0.0,2,2,100.0,0,7,7,2,2,0,2,1,+5
Natasha Howard,IND,IND vs. LV,09/28/2025,2025,W,26,7,2,6,33.3,0,1,0.0,3,4,75.0,2,1,3,1,0,0,3,3,-1
Shey Peddy,IND,IND vs. LV,09/28/2025,2025,W,16,7,3,4,75.0,0,1,0.0,1,1,100.0,0,3,3,1,2,0,1,0,-5
Aerial Powers,IND,IND vs. LV,09/28/2025,2025,W,2,0,0,0,0.0,0,0,0.0,0,0,0.0,0,0,0,0,0,0,0,0,0
Makayla Timpson,IND,IND vs. LV,09/28/2025,2025,W,11,0,0,0,0.0,0,0,0.0,0,0,0.0,2,0,2,0,1,0,1,2,+3
Brianna Turner,IND,IND vs. LV,09/28/2025,2025,W,9,2,1,1,100.0,0,0,0.0,0,0,0.0,0,1,1,0,1,0,0,0,-2
Lexie Hull,IND,IND vs. LV,09/28/2025,2025,W,38,7,2,12,16.7,1,7,14.3,2,4,50.0,0,7,7,1,4,1,2,3,+7
Kelsey Mitchell,IND,IND vs. LV,09/28/2025,2025,W,39,25,9,20,45.0,2,5,40.0,5,6,83.3,0,3,3,4,0,0,3,3,+4
Odyssey Sims,IND,IND vs. LV,09/28/2025,2025,W,25,18,6,9,66.7,1,1,100.0,5,6,83.3,0,1,1,2,1,0,2,2,+17
Anastasiia Olairi Kosu,MIN,MIN @ PHX,09/28/2025,2025,L,3,0,0,0,0.0,0,0,0.0,0,0,0.0,0,1,1,1,0,0,0,1,-4
Maria Kliundikova,MIN,MIN @ PHX,09/28/2025,2025,L,14,2,1,6,16.7,0,2,0.0,0,0,0.0,1,5,6,2,0,1,1,2,-6
Alyssa Thomas,PHX,PHX vs. MIN,09/28/2025,2025,W,37,23,11,18,61.1,0,0,0.0,1,3,33.3,1,7,8,10,1,0,6,2,+6
NaLyssa Smith,LV,LV @ IND,09/28/2025,2025,L,22,8,4,5,80.0,0,0,0.0,0,0,0.0,0,2,2,0,0,1,3,5,+1
Natisha Hiedeman,MIN,MIN @ PHX,09/28/2025,2025,L,21,3,1,7,14.3,0,2,0.0,1,2,50.0,0,2,2,4,0,1,1,3,-8
Satou Sabally,PHX,PHX vs. MIN,09/28/2025,2025,W,36,21,6,11,54.5,3,7,42.9,6,9,66.7,1,5,6,3,0,0,2,3,+10
Kahleah Copper,PHX,PHX vs. MIN,09/28/2025,2025,W,32,13,3,12,25.0,2,6,33.3,5,5,100.0,1,3,4,0,0,0,3,0,-6
Monique Akoa Makani,PHX,PHX vs. MIN,09/28/2025,2025,W,21,3,1,5,20.0,1,2,50.0,0,0,0.0,0,1,1,2,0,0,0,2,0
DeWanna Bonner,PHX,PHX vs. MIN,09/28/2025,2025,W,26,13,4,7,57.1,3,4,75.0,2,2,100.0,0,6,6,1,1,2,0,0,+17
Kathryn Westbeld,PHX,PHX vs. MIN,09/28/2025,2025,W,10,3,1,3,33.3,1,3,33.3,0,0,0.0,1,3,4,0,0,0,0,0,-5
Sami Whitcomb,PHX,PHX vs. MIN,09/28/2025,2025,W,27,6,2,8,25.0,1,6,16.7,1,2,50.0,1,3,4,3,0,0,0,2,+16
Natasha Mack,PHX,PHX vs. MIN,09/28/2025,2025,W,11,4,1,4,25.0,0,0,0.0,2,2,100.0,2,3,5,1,0,1,1,1,-13
Kierstan Bell,LV,LV @ IND,09/28/2025,2025,L,6,3,1,1,100.0,1,1,100.0,0,0,0.0,0,0,0,0,0,0,0,1,+1
Jewell Loyd,LV,LV @ IND,09/28/2025,2025,L,32,6,2,8,25.0,2,7,28.6,0,0,0.0,1,2,3,0,1,1,1,1,-10
Megan DiLeo,LV,LV @ IND,09/28/2025,2025,L,15,2,1,2,50.0,0,1,0.0,0,0,0.0,0,1,1,0,0,0,1,4,-4
Kiah Stokes,LV,LV @ IND,09/28/2025,2025,L,0,0,0,0,0.0,0,0,0.0,0,0,0.0,0,0,0,0,0,0,0,0,0
Jackie Young,LV,LV @ IND,09/28/2025,2025,L,38,18,6,10,60.0,2,4,50.0,4,4,100.0,2,3,5,9,0,0,2,5,-5
Chelsea Gray,LV,LV @ IND,09/28/2025,2025,L,38,12,4,13,30.8,3,7,42.9,1,1,100.0,0,2,2,9,4,0,5,5,-8
A'ja Wilson,LV,LV @ IND,09/28/2025,2025,L,36,31,14,24,58.3,0,0,0.0,3,6,50.0,0,9,9,3,4,3,3,3,-11
Dana Evans,LV,LV @ IND,09/28/2025,2025,L,13,3,1,4,25.0,1,3,33.3,0,0,0.0,0,0,0,1,0,0,0,0,+1
Courtney Williams,MIN,MIN @ PHX,09/26/2025,2025,L,37,14,6,16,37.5,2,5,40.0,0,0,0.0,1,4,5,3,2,0,1,3,-9
Sami Whitcomb,PHX,PHX vs. MIN,09/26/2025,2025,W,24,4,2,7,28.6,0,2,0.0,0,2,0.0,0,1,1,4,2,0,3,2,+6
Shey Peddy,IND,IND vs. LV,09/26/2025,2025,L,21,8,2,4,50.0,1,3,33.3,3,3,100.0,1,1,2,2,0,0,2,3,+2
NaLyssa Smith,LV,LV @ IND,09/26/2025,2025,W,33,16,8,13,61.5,0,0,0.0,0,1,0.0,2,2,4,0,1,4,1,5,+15
Kierstan Bell,LV,LV @ IND,09/26/2025,2025,W,7,0,0,0,0.0,0,0,0.0,0,0,0.0,0,0,0,1,0,1,0,0,-1
A'ja Wilson,LV,LV @ IND,09/26/2025,2025,W,38,13,6,20,30.0,1,2,50.0,0,1,0.0,0,8,8,4,1,3,3,4,+7
Jackie Young,LV,LV @ IND,09/26/2025,2025,W,34,25,9,14,64.3,1,3,33.3,6,6,100.0,0,5,5,4,1,0,4,3,+2
Megan DiLeo,LV,LV @ IND,09/26/2025,2025,W,6,5,2,3,66.7,1,1,100.0,0,0,0.0,2,1,3,0,1,0,0,1,+2
Jewell Loyd,LV,LV @ IND,09/26/2025,2025,W,23,0,0,3,0.0,0,3,0.0,0,0,0.0,0,2,2,0,1,1,1,3,+1
Dana Evans,LV,LV @ IND,09/26/2025,2025,W,23,10,3,5,60.0,0,0,0.0,4,4,100.0,0,1,1,5,1,0,3,2,+17
Natasha Howard,IND,IND vs. LV,09/26/2025,2025,L,15,5,2,4,50.0,0,0,0.0,1,2,50.0,4,1,5,0,0,0,0,1,-5
Aliyah Boston,IND,IND vs. LV,09/26/2025,2025,L,38,12,5,16,31.2,0,2,0.0,2,2,100.0,3,5,8,4,1,1,3,3,-8
Odyssey Sims,IND,IND vs. LV,09/26/2025,2025,L,19,2,0,7,0.0,0,1,0.0,2,2,100.0,2,2,4,2,0,0,3,1,-10
Kelsey Mitchell,IND,IND vs. LV,09/26/2025,2025,L,37,21,8,26,30.8,3,11,27.3,2,5,40.0,1,1,2,1,2,0,2,2,-15
Lexie Hull,IND,IND vs. LV,09/26/2025,2025,L,32,16,6,10,60.0,3,6,50.0,1,2,50.0,2,8,10,4,1,2,1,6,-2
Brianna Turner,IND,IND vs. LV,09/26/2025,2025,L,11,2,1,1,100.0,0,0,0.0,0,0,0.0,1,2,3,0,1,0,1,1,-3
Makayla Timpson,IND,IND vs. LV,09/26/2025,2025,L,17,5,2,3,66.7,0,0,0.0,1,3,33.3,2,2,4,0,1,2,2,1,-11
Chelsea Gray,LV,LV @ IND,09/26/2025,2025,W,36,15,5,7,71.4,1,1,100.0,4,5,80.0,0,3,3,6,2,1,2,1,+17
Aerial Powers,IND,IND vs. LV,09/26/2025,2025,L,11,1,0,2,0.0,0,0,0.0,1,2,50.0,0,1,1,1,0,0,0,3,-8
Natisha Hiedeman,MIN,MIN @ PHX,09/26/2025,2025,L,23,19,7,12,58.3,0,4,0.0,5,6,83.3,1,1,2,3,2,0,2,1,-3
Bridget Carleton,MIN,MIN @ PHX,09/26/2025,2025,L,27,6,2,7,28.6,1,3,33.3,1,1,100.0,0,4,4,0,0,0,2,1,-5
DeWanna Bonner,PHX,PHX vs. MIN,09/26/2025,2025,W,22,4,1,7,14.3,0,4,0.0,2,2,100.0,2,6,8,2,1,1,0,0,+9
Kahleah Copper,PHX,PHX vs. MIN,09/26/2025,2025,W,36,21,9,13,69.2,1,3,33.3,2,3,66.7,0,3,3,2,0,0,3,4,+8
Satou Sabally,PHX,PHX vs. MIN,09/26/2025,2025,W,30,23,5,11,45.5,2,4,50.0,11,11,100.0,2,2,4,0,0,0,3,3,+12
Natasha Mack,PHX,PHX vs. MIN,09/26/2025,2025,W,12,0,0,1,0.0,0,0,0.0,0,0,0.0,1,4,5,0,0,2,1,0,+1
Alyssa Thomas,PHX,PHX vs. MIN,09/26/2025,2025,W,36,21,9,18,50.0,0,0,0.0,3,4,75.0,3,6,9,8,5,2,4,3,+12
Monique Akoa Makani,PHX,PHX vs. MIN,09/26/2025,2025,W,23,8,3,7,42.9,2,4,50.0,0,0,0.0,3,2,5,2,0,0,1,3,-1
Maria Kliundikova,MIN,MIN @ PHX,09/26/2025,2025,L,18,8,4,6,66.7,0,0,0.0,0,0,0.0,3,3,6,1,0,3,0,2,0
Alanna Smith,MIN,MIN @ PHX,09/26/2025,2025,L,12,0,0,4,0.0,0,3,0.0,0,0,0.0,1,0,1,1,0,0,0,1,-8
Kathryn Westbeld,PHX,PHX vs. MIN,09/26/2025,2025,W,15,3,1,1,100.0,1,1,100.0,0,0,0.0,1,1,2,1,1,0,0,0,-7
Kayla McBride,MIN,MIN @ PHX,09/26/2025,2025,L,38,12,3,10,30.0,2,6,33.3,4,4,100.0,1,3,4,5,2,0,1,1,-8
Napheesa Collier,MIN,MIN @ PHX,09/26/2025,2025,L,37,17,8,15,53.3,1,3,33.3,0,0,0.0,2,4,6,3,0,3,4,5,-10
Jessica Shepard,MIN,MIN @ PHX,09/26/2025,2025,L,8,0,0,1,0.0,0,0,0.0,0,0,0.0,1,0,1,2,1,0,1,0,+3
Satou Sabally,PHX,PHX @ MIN,09/23/2025,2025,W,38,24,9,22,40.9,5,11,45.5,1,1,100.0,3,6,9,1,0,0,2,4,0
Natasha Mack,PHX,PHX @ MIN,09/23/2025,2025,W,19,4,2,3,66.7,0,0,0.0,0,0,0.0,2,3,5,2,1,1,0,2,-14
Alyssa Thomas,PHX,PHX @ MIN,09/23/2025,2025,W,43,19,6,15,40.0,0,0,0.0,7,10,70.0,2,6,8,13,1,0,4,3,+13
Natasha Howard,IND,IND @ LV,09/23/2025,2025,L,23,6,3,6,50.0,0,0,0.0,0,0,0.0,2,5,7,1,1,0,3,3,+3
Aliyah Boston,IND,IND @ LV,09/23/2025,2025,L,29,10,5,9,55.6,0,0,0.0,0,0,0.0,5,8,13,3,0,0,3,3,-18
Lexie Hull,IND,IND @ LV,09/23/2025,2025,L,29,15,5,16,31.2,5,11,45.5,0,0,0.0,3,0,3,2,0,0,0,3,-17
Odyssey Sims,IND,IND @ LV,09/23/2025,2025,L,32,18,7,12,58.3,1,2,50.0,3,5,60.0,0,0,0,7,1,0,6,2,-8
Kelsey Mitchell,IND,IND @ LV,09/23/2025,2025,L,31,13,4,14,28.6,1,6,16.7,4,4,100.0,0,1,1,5,2,0,3,3,-17
Brianna Turner,IND,IND @ LV,09/23/2025,2025,L,25,1,0,0,0.0,0,0,0.0,1,2,50.0,1,2,3,0,1,0,2,2,-28
Makayla Timpson,IND,IND @ LV,09/23/2025,2025,L,3,0,0,0,0.0,0,0,0.0,0,0,0.0,0,0,0,0,0,0,0,0,-1
Monique Akoa Makani,PHX,PHX @ MIN,09/23/2025,2025,W,19,9,3,5,60.0,1,2,50.0,2,2,100.0,1,2,3,3,0,0,3,0,-3
Shey Peddy,IND,IND @ LV,09/23/2025,2025,L,17,4,1,2,50.0,0,1,0.0,2,2,100.0,0,2,2,0,0,1,1,2,-19
Kahleah Copper,PHX,PHX @ MIN,09/23/2025,2025,W,33,8,3,8,37.5,2,5,40.0,0,0,0.0,0,1,1,3,1,0,1,3,-1
Kayla McBride,MIN,MIN vs. PHX,09/23/2025,2025,L,43,21,8,15,53.3,4,8,50.0,1,1,100.0,1,0,1,3,1,0,3,0,-6
DeWanna Bonner,PHX,PHX @ MIN,09/23/2025,2025,W,26,4,2,9,22.2,0,2,0.0,0,0,0.0,0,3,3,1,1,0,2,1,+6
Kathryn Westbeld,PHX,PHX @ MIN,09/23/2025,2025,W,15,8,3,4,75.0,2,3,66.7,0,0,0.0,1,3,4,0,4,0,0,0,+15
Sami Whitcomb,PHX,PHX @ MIN,09/23/2025,2025,W,33,13,5,13,38.5,3,9,33.3,0,0,0.0,0,4,4,6,2,0,2,2,+14
Bridget Carleton,MIN,MIN vs. PHX,09/23/2025,2025,L,41,2,0,7,0.0,0,5,0.0,2,2,100.0,3,2,5,1,2,1,1,0,-5
Alanna Smith,MIN,MIN vs. PHX,09/23/2025,2025,L,30,13,6,9,66.7,1,3,33.3,0,0,0.0,1,8,9,5,0,3,2,4,-9
Napheesa Collier,MIN,MIN vs. PHX,09/23/2025,2025,L,38,24,10,22,45.5,2,8,25.0,2,2,100.0,0,6,6,1,3,2,1,3,-11
Courtney Williams,MIN,MIN vs. PHX,09/23/2025,2025,L,36,20,9,19,47.4,0,3,0.0,2,2,100.0,0,7,7,9,3,0,7,4,-3
Jessica Shepard,MIN,MIN vs. PHX,09/23/2025,2025,L,15,3,1,1,100.0,0,0,0.0,1,2,50.0,2,5,7,2,0,0,2,1,+1
Maria Kliundikova,MIN,MIN vs. PHX,09/23/2025,2025,L,7,0,0,2,0.0,0,1,0.0,0,0,0.0,0,1,1,0,0,1,0,0,+5
Camryn Taylor,MIN,MIN vs. PHX,09/23/2025,2025,L,0,0,0,0,0.0,0,0,0.0,0,0,0.0,0,0,0,0,0,0,0,0,0
Jaylyn Sherrod,MIN,MIN vs. PHX,09/23/2025,2025,L,0,0,0,0,0.0,0,0,0.0,0,0,0.0,0,0,0,0,0,0,0,0,0
Bree Hall,IND,IND @ LV,09/23/2025,2025,L,4,0,0,0,0.0,0,0,0.0,0,0,0.0,0,1,1,0,0,0,0,0,+2
Aerial Powers,IND,IND @ LV,09/23/2025,2025,L,7,1,0,2,0.0,0,0,0.0,1,2,50.0,0,0,0,0,0,0,0,1,-7
Cheyenne Parker-Tyus,LV,LV vs. IND,09/23/2025,2025,W,4,2,1,3,33.3,0,0,0.0,0,0,0.0,1,0,1,0,0,0,0,0,-2
NaLyssa Smith,LV,LV vs. IND,09/23/2025,2025,W,30,18,7,9,77.8,0,0,0.0,4,9,44.4,2,5,7,1,1,0,2,4,+14
Megan DiLeo,LV,LV vs. IND,09/23/2025,2025,W,7,2,1,3,33.3,0,2,0.0,0,0,0.0,0,0,0,0,0,0,0,1,+8
Kierstan Bell,LV,LV vs. IND,09/23/2025,2025,W,10,4,2,3,66.7,0,1,0.0,0,0,0.0,0,1,1,1,2,0,0,1,-4
Aaliyah Nye,LV,LV vs. IND,09/23/2025,2025,W,4,0,0,0,0.0,0,0,0.0,0,0,0.0,0,0,0,0,0,0,0,1,-2
Dana Evans,LV,LV vs. IND,09/23/2025,2025,W,19,10,5,9,55.6,0,0,0.0,0,0,0.0,0,1,1,3,1,0,0,2,+11
Jewell Loyd,LV,LV vs. IND,09/23/2025,2025,W,26,10,2,3,66.7,2,3,66.7,4,4,100.0,1,3,4,1,0,0,3,4,+22
Natisha Hiedeman,MIN,MIN vs. PHX,09/23/2025,2025,L,15,0,0,0,0.0,0,0,0.0,0,0,0.0,0,1,1,1,0,0,1,1,-2
Kiah Stokes,LV,LV vs. IND,09/23/2025,2025,W,4,0,0,0,0.0,0,0,0.0,0,0,0.0,0,1,1,0,0,0,0,1,-2
Jackie Young,LV,LV vs. IND,09/23/2025,2025,W,32,13,5,11,45.5,2,5,40.0,1,1,100.0,3,2,5,5,0,0,3,4,+21
Chelsea Gray,LV,LV vs. IND,09/23/2025,2025,W,31,6,2,6,33.3,0,0,0.0,2,3,66.7,0,1,1,10,3,0,3,3,+20
Anastasiia Olairi Kosu,MIN,MIN vs. PHX,09/23/2025,2025,L,0,0,0,0,0.0,0,0,0.0,0,0,0.0,0,0,0,0,0,0,0,0,0
A'ja Wilson,LV,LV vs. IND,09/23/2025,2025,W,33,25,10,18,55.6,1,1,100.0,4,4,100.0,1,8,9,1,5,2,3,1,+24
Aerial Powers,IND,IND @ LV,09/21/2025,2025,W,8,0,0,2,0.0,0,2,0.0,0,0,0.0,0,3,3,0,0,0,1,2,-8
Jackie Young,LV,LV vs. IND,09/21/2025,2025,L,35,19,9,16,56.2,1,5,20.0,0,1,0.0,3,4,7,2,0,0,5,3,-19
Chelsea Gray,LV,LV vs. IND,09/21/2025,2025,L,34,13,5,12,41.7,2,5,40.0,1,1,100.0,2,3,5,4,1,0,2,1,-23
A'ja Wilson,LV,LV vs. IND,09/21/2025,2025,L,34,16,6,22,27.3,0,1,0.0,4,5,80.0,2,11,13,1,0,4,3,4,-5
Kierstan Bell,LV,LV vs. IND,09/21/2025,2025,L,16,0,0,2,0.0,0,1,0.0,0,0,0.0,0,0,0,1,0,0,0,0,-15
NaLyssa Smith,LV,LV vs. IND,09/21/2025,2025,L,15,4,2,4,50.0,0,0,0.0,0,0,0.0,1,1,2,0,0,0,0,0,-20
Bree Hall,IND,IND @ LV,09/21/2025,2025,W,1,2,1,2,50.0,0,1,0.0,0,0,0.0,1,1,2,0,0,0,0,1,0
Makayla Timpson,IND,IND @ LV,09/21/2025,2025,W,4,2,0,0,0.0,0,0,0.0,2,2,100.0,0,1,1,0,0,0,0,0,+2
Shey Peddy,IND,IND @ LV,09/21/2025,2025,W,11,4,2,4,50.0,0,1,0.0,0,0,0.0,0,0,0,1,0,0,0,0,-7
Kiah Stokes,LV,LV vs. IND,09/21/2025,2025,L,1,0,0,0,0.0,0,0,0.0,0,0,0.0,0,0,0,0,0,0,0,0,0
Brianna Turner,IND,IND @ LV,09/21/2025,2025,W,23,6,3,4,75.0,0,0,0.0,0,0,0.0,1,1,2,0,0,1,1,0,+10
Lexie Hull,IND,IND @ LV,09/21/2025,2025,W,35,6,2,6,33.3,1,3,33.3,1,2,50.0,0,2,2,2,0,1,0,1,+24
Kelsey Mitchell,IND,IND @ LV,09/21/2025,2025,W,34,34,12,23,52.2,4,6,66.7,6,6,100.0,0,1,1,3,2,0,3,3,+20
Odyssey Sims,IND,IND @ LV,09/21/2025,2025,W,32,17,7,13,53.8,0,1,0.0,3,3,100.0,1,1,2,3,3,0,1,0,+20
Aliyah Boston,IND,IND @ LV,09/21/2025,2025,W,29,6,3,9,33.3,0,2,0.0,0,0,0.0,1,10,11,5,0,0,2,3,+1
Natasha Howard,IND,IND @ LV,09/21/2025,2025,W,22,12,4,5,80.0,0,0,0.0,4,4,100.0,1,10,11,3,2,0,2,2,+18
Natisha Hiedeman,MIN,MIN vs. PHX,09/21/2025,2025,W,19,5,2,8,25.0,1,4,25.0,0,0,0.0,0,0,0,2,0,0,2,0,-4
Cheyenne Parker-Tyus,LV,LV vs. IND,09/21/2025,2025,L,5,0,0,1,0.0,0,0,0.0,0,0,0.0,0,0,0,0,0,0,0,0,-9
Jewell Loyd,LV,LV vs. IND,09/21/2025,2025,L,28,3,1,5,20.0,1,4,25.0,0,0,0.0,0,1,1,1,3,0,1,5,0
Megan DiLeo,LV,LV vs. IND,09/21/2025,2025,L,8,4,0,0,0.0,0,0,0.0,4,4,100.0,0,3,3,0,0,0,0,1,+7
Dana Evans,LV,LV vs. IND,09/21/2025,2025,L,23,14,6,9,66.7,1,1,100.0,1,1,100.0,0,2,2,3,1,0,1,1,+4
Alyssa Thomas,PHX,PHX @ MIN,09/21/2025,2025,L,37,18,9,17,52.9,0,0,0.0,0,0,0.0,2,6,8,7,3,0,2,1,-14
Natasha Mack,PHX,PHX @ MIN,09/21/2025,2025,L,12,6,3,4,75.0,0,0,0.0,0,0,0.0,2,1,3,0,0,0,0,0,-3
Satou Sabally,PHX,PHX @ MIN,09/21/2025,2025,L,32,10,3,11,27.3,0,5,0.0,4,4,100.0,0,6,6,3,2,0,0,0,-12
Kahleah Copper,PHX,PHX @ MIN,09/21/2025,2025,L,37,22,10,23,43.5,2,8,25.0,0,0,0.0,0,2,2,1,0,0,2,1,-13
Monique Akoa Makani,PHX,PHX @ MIN,09/21/2025,2025,L,22,2,1,6,16.7,0,3,0.0,0,0,0.0,0,1,1,3,0,0,0,1,-1
DeWanna Bonner,PHX,PHX @ MIN,09/21/2025,2025,L,25,0,0,4,0.0,0,3,0.0,0,0,0.0,2,7,9,2,0,0,1,3,-17
Kathryn Westbeld,PHX,PHX @ MIN,09/21/2025,2025,L,10,0,0,1,0.0,0,1,0.0,0,0,0.0,0,3,3,1,1,0,1,0,-1
Sami Whitcomb,PHX,PHX @ MIN,09/21/2025,2025,L,24,11,5,9,55.6,1,3,33.3,0,0,0.0,1,2,3,2,0,0,4,0,-4
Bridget Carleton,MIN,MIN vs. PHX,09/21/2025,2025,W,30,5,2,5,40.0,1,3,33.3,0,0,0.0,1,7,8,3,0,0,1,4,+18
Alanna Smith,MIN,MIN vs. PHX,09/21/2025,2025,W,26,4,2,6,33.3,0,4,0.0,0,0,0.0,2,4,6,3,0,1,3,3,+3
Napheesa Collier,MIN,MIN vs. PHX,09/21/2025,2025,W,34,18,8,16,50.0,2,6,33.3,0,0,0.0,3,6,9,2,0,0,3,1,+9
Kayla McBride,MIN,MIN vs. PHX,09/21/2025,2025,W,38,21,6,17,35.3,4,9,44.4,5,5,100.0,0,6,6,2,0,1,0,0,+14
Courtney Williams,MIN,MIN vs. PHX,09/21/2025,2025,W,33,23,11,19,57.9,1,2,50.0,0,1,0.0,0,8,8,7,5,0,3,1,+11
Maria Kliundikova,MIN,MIN vs. PHX,09/21/2025,2025,W,8,4,2,3,66.7,0,1,0.0,0,0,0.0,2,2,4,1,2,0,0,0,+14
Aaliyah Nye,LV,LV vs. IND,09/21/2025,2025,L,1,0,0,0,0.0,0,0,0.0,0,0,0.0,0,0,0,0,0,0,0,0,0
Jessica Shepard,MIN,MIN vs. PHX,09/21/2025,2025,W,12,2,1,3,33.3,0,0,0.0,0,0,0.0,0,1,1,1,0,0,0,1,0
Kathryn Westbeld,PHX,PHX vs. NY,09/19/2025,2025,W,8,3,1,3,33.3,1,2,50.0,0,0,0.0,1,1,2,0,0,0,0,1,+6
Breanna Stewart,NY,NY @ PHX,09/19/2025,2025,L,35,30,8,17,47.1,2,3,66.7,12,15,80.0,0,9,9,3,2,2,0,5,+1
Alyssa Thomas,PHX,PHX vs. NY,09/19/2025,2025,W,37,20,7,18,38.9,0,0,0.0,6,8,75.0,1,10,11,11,2,1,5,2,+3
Leonie Fiebich,NY,NY @ PHX,09/19/2025,2025,L,28,3,1,4,25.0,1,3,33.3,0,0,0.0,0,3,3,1,0,0,1,1,+7
Sami Whitcomb,PHX,PHX vs. NY,09/19/2025,2025,W,22,13,3,9,33.3,2,6,33.3,5,5,100.0,1,0,1,1,1,0,0,1,+9
DeWanna Bonner,PHX,PHX vs. NY,09/19/2025,2025,W,21,4,2,8,25.0,0,2,0.0,0,0,0.0,1,7,8,2,1,1,0,5,+9
Monique Akoa Makani,PHX,PHX vs. NY,09/19/2025,2025,W,23,4,2,4,50.0,0,1,0.0,0,0,0.0,1,2,3,3,1,0,3,2,-8
Satou Sabally,PHX,PHX vs. NY,09/19/2025,2025,W,34,23,6,14,42.9,4,9,44.4,7,9,77.8,0,12,12,3,2,1,1,5,+3
Natasha Mack,PHX,PHX vs. NY,09/19/2025,2025,W,19,0,0,0,0.0,0,0,0.0,0,0,0.0,2,1,3,1,0,0,0,1,-3
Kahleah Copper,PHX,PHX vs. NY,09/19/2025,2025,W,34,12,5,15,33.3,2,4,50.0,0,0,0.0,1,8,9,0,1,0,3,3,+11
Kennedy Burke,NY,NY @ PHX,09/19/2025,2025,L,21,8,3,9,33.3,0,6,0.0,2,2,100.0,0,2,2,1,1,2,1,1,-17
Rebekah Gardner,NY,NY @ PHX,09/19/2025,2025,L,1,0,0,0,0.0,0,0,0.0,0,0,0.0,0,0,0,0,0,0,0,1,-2
Emma Meesseman,NY,NY @ PHX,09/19/2025,2025,L,9,0,0,3,0.0,0,1,0.0,0,2,0.0,0,2,2,3,0,0,0,1,-3
Sabrina Ionescu,NY,NY @ PHX,09/19/2025,2025,L,37,22,8,19,42.1,3,12,25.0,3,3,100.0,0,6,6,4,0,0,4,2,-7
Natasha Cloud,NY,NY @ PHX,09/19/2025,2025,L,35,7,2,6,33.3,1,2,50.0,2,2,100.0,1,2,3,2,4,1,4,3,-9
Jonquel Jones,NY,NY @ PHX,09/19/2025,2025,L,33,3,1,10,10.0,0,5,0.0,1,2,50.0,1,7,8,4,0,1,0,5,0
Kierstan Bell,LV,LV vs. SEA,09/18/2025,2025,W,20,0,0,3,0.0,0,3,0.0,0,0,0.0,1,6,7,1,0,0,2,0,+7
Dana Evans,LV,LV vs. SEA,09/18/2025,2025,W,14,2,0,3,0.0,0,1,0.0,2,2,100.0,0,0,0,2,0,0,0,2,-6
Jewell Loyd,LV,LV vs. SEA,09/18/2025,2025,W,29,4,2,4,50.0,0,0,0.0,0,0,0.0,2,3,5,2,2,1,1,2,+1
Kiah Stokes,LV,LV vs. SEA,09/18/2025,2025,W,0,0,0,0,0.0,0,0,0.0,0,0,0.0,0,0,0,0,0,0,0,0,0
Cheyenne Parker-Tyus,LV,LV vs. SEA,09/18/2025,2025,W,10,2,0,2,0.0,0,1,0.0,2,2,100.0,0,2,2,1,0,0,0,0,-4
Jackie Young,LV,LV vs. SEA,09/18/2025,2025,W,34,14,6,12,50.0,1,2,50.0,1,2,50.0,1,1,2,1,4,0,3,3,+3
Chelsea Gray,LV,LV vs. SEA,09/18/2025,2025,W,37,12,5,8,62.5,2,3,66.7,0,0,0.0,0,2,2,8,2,2,5,3,+3
A'ja Wilson,LV,LV vs. SEA,09/18/2025,2025,W,37,38,14,26,53.8,0,1,0.0,10,11,90.9,0,5,5,3,3,2,1,0,-4
Gabby Williams,SEA,SEA @ LV,09/18/2025,2025,L,28,7,3,6,50.0,1,2,50.0,0,0,0.0,2,4,6,2,2,0,2,2,+6
NaLyssa Smith,LV,LV vs. SEA,09/18/2025,2025,W,18,2,1,3,33.3,0,1,0.0,0,0,0.0,0,4,4,2,0,0,1,5,+5
Erica Wheeler,SEA,SEA @ LV,09/18/2025,2025,L,33,16,6,16,37.5,2,7,28.6,2,2,100.0,0,2,2,5,1,0,3,5,+4
Dominique Malonga,SEA,SEA @ LV,09/18/2025,2025,L,22,3,1,5,20.0,0,0,0.0,1,2,50.0,1,4,5,0,0,2,3,3,+2
Brittney Sykes,SEA,SEA @ LV,09/18/2025,2025,L,23,9,4,5,80.0,0,0,0.0,1,1,100.0,1,1,2,0,0,1,3,0,-4
Skylar Diggins,SEA,SEA @ LV,09/18/2025,2025,L,36,13,4,13,30.8,3,5,60.0,2,2,100.0,2,2,4,6,3,1,3,2,-5
Ezi Magbegor,SEA,SEA @ LV,09/18/2025,2025,L,26,9,4,7,57.1,0,1,0.0,1,3,33.3,1,4,5,2,2,0,1,4,-4
Aliyah Boston,IND,IND @ ATL,09/18/2025,2025,W,34,14,6,11,54.5,0,1,0.0,2,6,33.3,2,10,12,6,1,0,0,2,+2
Natasha Howard,IND,IND @ ATL,09/18/2025,2025,W,25,12,6,12,50.0,0,2,0.0,0,0,0.0,1,5,6,3,0,0,1,2,-3
Nneka Ogwumike,SEA,SEA @ LV,09/18/2025,2025,L,32,16,4,13,30.8,1,3,33.3,7,8,87.5,2,7,9,2,1,0,1,0,-4
Odyssey Sims,IND,IND @ ATL,09/18/2025,2025,W,28,16,5,15,33.3,1,4,25.0,5,7,71.4,0,2,2,8,3,0,0,2,-4
Allisha Gray,ATL,ATL vs. IND,09/18/2025,2025,L,33,19,9,15,60.0,1,3,33.3,0,0,0.0,4,8,12,1,0,1,2,5,+6
Kelsey Mitchell,IND,IND @ ATL,09/18/2025,2025,W,35,24,7,16,43.8,3,6,50.0,7,7,100.0,1,1,2,1,0,0,1,1,+6
Te-Hina Paopao,ATL,ATL vs. IND,09/18/2025,2025,L,9,6,3,7,42.9,0,3,0.0,0,0,0.0,0,3,3,1,0,0,1,0,-7
Maya Caldwell,ATL,ATL vs. IND,09/18/2025,2025,L,5,0,0,0,0.0,0,0,0.0,0,0,0.0,0,1,1,0,0,0,0,0,-4
Brittney Griner,ATL,ATL vs. IND,09/18/2025,2025,L,8,5,2,4,50.0,0,0,0.0,1,1,100.0,0,0,0,1,0,0,0,2,+1
Rhyne Howard,ATL,ATL vs. IND,09/18/2025,2025,L,39,16,7,18,38.9,2,8,25.0,0,1,0.0,0,3,3,3,2,1,3,2,-4
Jordin Canada,ATL,ATL vs. IND,09/18/2025,2025,L,33,18,8,14,57.1,0,2,0.0,2,5,40.0,0,3,3,10,0,1,3,4,+3
Nia Brodie,ATL,ATL vs. IND,09/18/2025,2025,L,0,0,0,0,0.0,0,0,0.0,0,0,0.0,0,0,0,0,0,0,0,0,0
Naz Hillmon,ATL,ATL vs. IND,09/18/2025,2025,L,40,9,3,8,37.5,2,5,40.0,1,2,50.0,0,10,10,1,0,0,1,5,-2
Brionna Jones,ATL,ATL vs. IND,09/18/2025,2025,L,32,12,5,8,62.5,1,2,50.0,1,2,50.0,3,4,7,4,1,1,3,4,-3
Aerial Powers,IND,IND @ ATL,09/18/2025,2025,W,15,4,2,6,33.3,0,1,0.0,0,0,0.0,0,0,0,1,0,1,0,1,+3
Shey Peddy,IND,IND @ ATL,09/18/2025,2025,W,11,3,1,6,16.7,1,3,33.3,0,0,0.0,0,0,0,1,1,0,1,1,+1
Makayla Timpson,IND,IND @ ATL,09/18/2025,2025,W,4,2,1,3,33.3,0,0,0.0,0,0,0.0,3,2,5,0,0,0,0,0,+5
Brianna Turner,IND,IND @ ATL,09/18/2025,2025,W,18,2,1,1,100.0,0,0,0.0,0,0,0.0,4,1,5,2,0,2,1,2,0
Lexie Hull,IND,IND @ ATL,09/18/2025,2025,W,32,10,3,7,42.9,1,5,20.0,3,4,75.0,0,2,2,2,2,0,2,3,0
Lexi Held,PHX,PHX @ NY,09/17/2025,2025,W,5,0,0,1,0.0,0,1,0.0,0,0,0.0,0,1,1,0,0,0,2,0,-2
Natasha Mack,PHX,PHX @ NY,09/17/2025,2025,W,17,6,3,5,60.0,0,1,0.0,0,0,0.0,2,3,5,1,0,1,1,2,+2
Stephanie Talbot,NY,NY vs. PHX,09/17/2025,2025,L,9,0,0,1,0.0,0,1,0.0,0,0,0.0,0,0,0,0,0,0,0,0,-1
Isabelle Harrison,NY,NY vs. PHX,09/17/2025,2025,L,7,4,2,2,100.0,0,0,0.0,0,2,0.0,1,1,2,0,2,0,0,0,-1
Sabrina Ionescu,NY,NY vs. PHX,09/17/2025,2025,L,26,9,3,13,23.1,1,8,12.5,2,6,33.3,0,4,4,3,1,1,1,1,-19
Natasha Cloud,NY,NY vs. PHX,09/17/2025,2025,L,28,8,2,5,40.0,2,4,50.0,2,2,100.0,0,2,2,2,0,0,1,3,-23
Jonquel Jones,NY,NY vs. PHX,09/17/2025,2025,L,22,7,3,9,33.3,1,3,33.3,0,0,0.0,2,11,13,1,0,2,2,3,-12
Leonie Fiebich,NY,NY vs. PHX,09/17/2025,2025,L,23,2,0,5,0.0,0,2,0.0,2,2,100.0,1,1,2,2,1,0,1,1,-19
Breanna Stewart,NY,NY vs. PHX,09/17/2025,2025,L,20,6,2,6,33.3,0,1,0.0,2,2,100.0,2,0,2,2,0,1,3,1,-24
Monique Akoa Makani,PHX,PHX @ NY,09/17/2025,2025,W,20,6,3,7,42.9,0,3,0.0,0,0,0.0,1,2,3,3,0,0,0,3,+14
Kiana Williams,PHX,PHX @ NY,09/17/2025,2025,W,3,0,0,0,0.0,0,0,0.0,0,0,0.0,0,0,0,0,0,0,0,0,-1
Kitija Laksa,PHX,PHX @ NY,09/17/2025,2025,W,5,3,1,2,50.0,1,2,50.0,0,0,0.0,0,1,1,0,0,0,1,0,-2
Sami Whitcomb,PHX,PHX @ NY,09/17/2025,2025,W,23,3,1,7,14.3,1,5,20.0,0,0,0.0,0,2,2,4,3,0,1,2,+16
Kalani Brown,PHX,PHX @ NY,09/17/2025,2025,W,3,0,0,1,0.0,0,0,0.0,0,0,0.0,0,1,1,0,0,0,0,0,-1
Kathryn Westbeld,PHX,PHX @ NY,09/17/2025,2025,W,19,10,4,6,66.7,2,4,50.0,0,0,0.0,0,3,3,2,0,0,0,1,+13
DeWanna Bonner,PHX,PHX @ NY,09/17/2025,2025,W,21,14,6,9,66.7,1,2,50.0,1,2,50.0,2,6,8,1,2,0,0,1,+29
Nyara Sabally,NY,NY vs. PHX,09/17/2025,2025,L,7,1,0,3,0.0,0,0,0.0,1,2,50.0,0,1,1,1,1,0,0,0,+3
Kahleah Copper,PHX,PHX @ NY,09/17/2025,2025,W,29,14,5,9,55.6,0,1,0.0,4,4,100.0,0,2,2,0,0,1,0,3,+25
Satou Sabally,PHX,PHX @ NY,09/17/2025,2025,W,30,15,5,11,45.5,2,4,50.0,3,3,100.0,3,4,7,4,4,0,2,3,+20
Alyssa Thomas,PHX,PHX @ NY,09/17/2025,2025,W,26,15,6,13,46.2,0,1,0.0,3,3,100.0,0,6,6,7,1,0,1,2,+17
Carla Leite,GS,GS vs. MIN,09/17/2025,2025,L,8,0,0,3,0.0,0,1,0.0,0,0,0.0,0,2,2,1,0,0,1,0,-9
Emma Meesseman,NY,NY vs. PHX,09/17/2025,2025,L,18,11,4,9,44.4,0,0,0.0,3,4,75.0,3,3,6,3,0,0,3,0,-10
Natisha Hiedeman,MIN,MIN @ GS,09/17/2025,2025,W,21,2,1,5,20.0,0,2,0.0,0,0,0.0,0,2,2,7,2,1,2,1,+1
Marine Johannes,NY,NY vs. PHX,09/17/2025,2025,L,10,3,0,3,0.0,0,2,0.0,3,3,100.0,0,2,2,0,0,0,1,1,-4
Kennedy Burke,NY,NY vs. PHX,09/17/2025,2025,L,16,6,2,5,40.0,1,3,33.3,1,2,50.0,0,1,1,0,0,0,3,2,-20
Bridget Carleton,MIN,MIN @ GS,09/17/2025,2025,W,22,12,4,7,57.1,4,6,66.7,0,0,0.0,1,1,2,1,0,0,0,4,+10
Alanna Smith,MIN,MIN @ GS,09/17/2025,2025,W,19,2,1,4,25.0,0,2,0.0,0,0,0.0,1,0,1,0,1,3,1,3,+1
Napheesa Collier,MIN,MIN @ GS,09/17/2025,2025,W,39,24,10,16,62.5,1,5,20.0,3,7,42.9,3,4,7,4,1,0,3,3,+2
Rebekah Gardner,NY,NY vs. PHX,09/17/2025,2025,L,13,3,1,2,50.0,1,2,50.0,0,0,0.0,0,1,1,0,0,0,0,2,0
Courtney Williams,MIN,MIN @ GS,09/17/2025,2025,W,28,6,3,9,33.3,0,4,0.0,0,0,0.0,0,5,5,7,0,0,4,1,-10
Jessica Shepard,MIN,MIN @ GS,09/17/2025,2025,W,19,0,0,4,0.0,0,1,0.0,0,0,0.0,1,5,6,0,0,0,1,0,-6
Kayla McBride,MIN,MIN @ GS,09/17/2025,2025,W,38,18,8,13,61.5,1,3,33.3,1,1,100.0,0,4,4,3,2,0,0,2,+5
DiJonai Carrington,MIN,MIN @ GS,09/17/2025,2025,W,14,11,4,9,44.4,2,5,40.0,1,2,50.0,1,1,2,0,0,1,1,2,+2
Janelle Salaun,GS,GS vs. MIN,09/17/2025,2025,L,34,14,4,7,57.1,2,4,50.0,4,5,80.0,0,4,4,1,0,0,0,2,+3
Iliana Rupert,GS,GS vs. MIN,09/17/2025,2025,L,32,8,3,5,60.0,2,4,50.0,0,0,0.0,0,2,2,5,0,1,4,2,0
Kaila Charles,GS,GS vs. MIN,09/17/2025,2025,L,28,5,2,6,33.3,1,1,100.0,0,0,0.0,3,1,4,3,2,1,0,1,-17
Veronica Burton,GS,GS vs. MIN,09/17/2025,2025,L,35,13,4,12,33.3,3,6,50.0,2,2,100.0,0,6,6,9,4,1,3,4,+5
Monique Billings,GS,GS vs. MIN,09/17/2025,2025,L,25,15,7,12,58.3,0,0,0.0,1,1,100.0,2,2,4,0,1,1,0,2,+2
Kate Martin,GS,GS vs. MIN,09/17/2025,2025,L,6,5,2,3,66.7,1,2,50.0,0,0,0.0,0,1,1,0,0,0,0,0,+8
Cecilia Zandalasini,GS,GS vs. MIN,09/17/2025,2025,L,32,14,6,16,37.5,2,4,50.0,0,1,0.0,1,4,5,3,1,0,4,3,+3
Rhyne Howard,ATL,ATL @ IND,09/16/2025,2025,L,33,10,3,9,33.3,0,4,0.0,4,6,66.7,0,2,2,3,2,0,3,2,-24
Sika Kone,ATL,ATL @ IND,09/16/2025,2025,L,1,0,0,0,0.0,0,0,0.0,0,0,0.0,0,0,0,0,0,0,1,0,+1
Taylor Thierry,ATL,ATL @ IND,09/16/2025,2025,L,2,0,0,0,0.0,0,0,0.0,0,0,0.0,0,0,0,0,0,0,0,0,+1
Nia Brodie,ATL,ATL @ IND,09/16/2025,2025,L,9,0,0,2,0.0,0,0,0.0,0,0,0.0,0,2,2,0,0,0,0,1,-5
Brionna Jones,ATL,ATL @ IND,09/16/2025,2025,L,22,8,4,6,66.7,0,0,0.0,0,0,0.0,0,2,2,1,2,0,1,3,-18
Jordin Canada,ATL,ATL @ IND,09/16/2025,2025,L,23,4,2,7,28.6,0,1,0.0,0,2,0.0,0,0,0,6,2,0,0,2,-13
Allisha Gray,ATL,ATL @ IND,09/16/2025,2025,L,31,9,4,16,25.0,1,4,25.0,0,0,0.0,2,5,7,2,0,0,0,5,-23
Naz Hillmon,ATL,ATL @ IND,09/16/2025,2025,L,29,8,4,11,36.4,0,4,0.0,0,0,0.0,1,6,7,3,0,0,2,4,-11
Shatori Walker-Kimbrough,ATL,ATL @ IND,09/16/2025,2025,L,5,0,0,0,0.0,0,0,0.0,0,0,0.0,0,1,1,1,2,0,0,0,+6
Brittney Griner,ATL,ATL @ IND,09/16/2025,2025,L,16,7,3,7,42.9,0,0,0.0,1,2,50.0,0,1,1,2,0,1,2,2,0
Kelsey Mitchell,IND,IND vs. ATL,09/16/2025,2025,W,29,19,6,13,46.2,4,8,50.0,3,3,100.0,0,0,0,4,2,1,3,1,+18
Maya Caldwell,ATL,ATL @ IND,09/16/2025,2025,L,14,3,1,2,50.0,1,1,100.0,0,0,0.0,1,3,4,2,0,0,2,2,-1
A'ja Wilson,LV,LV @ SEA,09/16/2025,2025,L,38,21,7,12,58.3,1,2,50.0,6,11,54.5,1,12,13,5,1,2,3,1,-3
Te-Hina Paopao,ATL,ATL @ IND,09/16/2025,2025,L,14,11,4,6,66.7,3,5,60.0,0,0,0.0,1,0,1,0,1,1,2,2,+2
Erica Wheeler,SEA,SEA vs. LV,09/16/2025,2025,W,22,11,4,9,44.4,2,5,40.0,1,1,100.0,1,1,2,3,1,0,0,5,+3
Dominique Malonga,SEA,SEA vs. LV,09/16/2025,2025,W,23,11,4,7,57.1,0,0,0.0,3,3,100.0,3,7,10,3,0,2,0,4,+11
Brittney Sykes,SEA,SEA vs. LV,09/16/2025,2025,W,27,4,2,6,33.3,0,1,0.0,0,1,0.0,1,2,3,1,0,0,3,3,-10
Skylar Diggins,SEA,SEA vs. LV,09/16/2025,2025,W,35,26,10,20,50.0,4,6,66.7,2,3,66.7,0,1,1,7,2,1,4,3,+6
Ezi Magbegor,SEA,SEA vs. LV,09/16/2025,2025,W,23,4,2,3,66.7,0,1,0.0,0,0,0.0,2,3,5,3,1,2,1,4,-9
Gabby Williams,SEA,SEA vs. LV,09/16/2025,2025,W,36,6,2,8,25.0,0,2,0.0,2,2,100.0,0,1,1,2,1,0,1,0,+8
Nneka Ogwumike,SEA,SEA vs. LV,09/16/2025,2025,W,34,24,9,19,47.4,4,5,80.0,2,2,100.0,2,8,10,3,1,0,1,2,+6
Jewell Loyd,LV,LV @ SEA,09/16/2025,2025,L,29,13,4,9,44.4,3,7,42.9,2,4,50.0,1,0,1,2,0,0,1,2,0
Cheyenne Parker-Tyus,LV,LV @ SEA,09/16/2025,2025,L,6,1,0,0,0.0,0,0,0.0,1,2,50.0,0,0,0,0,0,0,1,3,+4
Jackie Young,LV,LV @ SEA,09/16/2025,2025,L,35,25,8,17,47.1,1,6,16.7,8,8,100.0,1,4,5,4,1,0,2,4,-5
Chelsea Gray,LV,LV @ SEA,09/16/2025,2025,L,36,7,3,9,33.3,1,2,50.0,0,0,0.0,0,1,1,9,0,1,2,2,+5
Dana Evans,LV,LV @ SEA,09/16/2025,2025,L,14,2,0,1,0.0,0,0,0.0,2,2,100.0,0,0,0,2,0,0,1,2,-7
Kierstan Bell,LV,LV @ SEA,09/16/2025,2025,L,11,7,3,3,100.0,1,1,100.0,0,0,0.0,1,0,1,0,0,0,1,1,-7
Brianna Turner,IND,IND vs. ATL,09/16/2025,2025,W,20,4,1,2,50.0,0,0,0.0,2,2,100.0,0,6,6,1,2,1,2,1,+10
NaLyssa Smith,LV,LV @ SEA,09/16/2025,2025,L,31,7,3,5,60.0,0,1,0.0,1,2,50.0,1,7,8,0,3,0,0,2,-2
Aliyah Boston,IND,IND vs. ATL,09/16/2025,2025,W,22,15,7,12,58.3,1,2,50.0,0,0,0.0,0,5,5,3,0,0,1,2,+14
Odyssey Sims,IND,IND vs. ATL,09/16/2025,2025,W,27,5,1,10,10.0,1,2,50.0,2,2,100.0,0,4,4,4,0,0,3,0,+1
Lexie Hull,IND,IND vs. ATL,09/16/2025,2025,W,23,7,2,6,33.3,1,2,50.0,2,2,100.0,1,4,5,1,0,0,3,5,+19
Natasha Howard,IND,IND vs. ATL,09/16/2025,2025,W,28,12,5,8,62.5,0,1,0.0,2,2,100.0,1,4,5,2,0,0,1,3,+13
Makayla Timpson,IND,IND vs. ATL,09/16/2025,2025,W,9,9,3,3,100.0,0,0,0.0,3,3,100.0,1,2,3,0,0,0,0,0,-3
Aerial Powers,IND,IND vs. ATL,09/16/2025,2025,W,17,3,1,5,20.0,0,1,0.0,1,1,100.0,2,5,7,0,0,0,1,3,-2
Bree Hall,IND,IND vs. ATL,09/16/2025,2025,W,2,0,0,0,0.0,0,0,0.0,0,0,0.0,0,0,0,0,0,0,0,0,-1
Shey Peddy,IND,IND vs. ATL,09/16/2025,2025,W,23,3,1,4,25.0,1,3,33.3,0,0,0.0,0,2,2,1,1,0,1,1,+16
Temi Fagbenle,GS,GS @ MIN,09/14/2025,2025,L,20,12,5,8,62.5,0,1,0.0,2,4,50.0,0,3,3,3,0,0,1,5,-9
Iliana Rupert,GS,GS @ MIN,09/14/2025,2025,L,17,0,0,2,0.0,0,2,0.0,0,0,0.0,1,2,3,1,0,1,1,3,-21
Laeticia Amihere,GS,GS @ MIN,09/14/2025,2025,L,4,0,0,0,0.0,0,0,0.0,0,0,0.0,0,1,1,0,0,0,0,0,+5
Monique Billings,GS,GS @ MIN,09/14/2025,2025,L,4,0,0,0,0.0,0,0,0.0,0,0,0.0,0,0,0,0,0,0,0,0,+1
Veronica Burton,GS,GS @ MIN,09/14/2025,2025,L,34,14,3,13,23.1,3,9,33.3,5,5,100.0,0,5,5,7,3,1,7,4,-28
Kaila Charles,GS,GS @ MIN,09/14/2025,2025,L,18,2,1,6,16.7,0,1,0.0,0,0,0.0,0,1,1,1,1,0,1,4,-12
Leonie Fiebich,NY,NY @ PHX,09/14/2025,2025,W,39,10,4,9,44.4,2,7,28.6,0,0,0.0,2,4,6,1,0,1,4,2,+12
Breanna Stewart,NY,NY @ PHX,09/14/2025,2025,W,40,18,7,14,50.0,1,3,33.3,3,5,60.0,0,6,6,4,2,0,1,0,+16
Jonquel Jones,NY,NY @ PHX,09/14/2025,2025,W,35,7,3,7,42.9,1,3,33.3,0,0,0.0,1,11,12,2,0,3,2,3,+9
Natasha Cloud,NY,NY @ PHX,09/14/2025,2025,W,40,23,9,12,75.0,3,6,50.0,2,3,66.7,0,6,6,5,4,0,4,3,+11
Kaitlyn Chen,GS,GS @ MIN,09/14/2025,2025,L,4,2,1,1,100.0,0,0,0.0,0,0,0.0,0,1,1,1,0,0,0,0,+5
Sabrina Ionescu,NY,NY @ PHX,09/14/2025,2025,W,43,16,6,18,33.3,3,12,25.0,1,1,100.0,1,5,6,7,0,2,5,3,+7
Kate Martin,GS,GS @ MIN,09/14/2025,2025,L,26,11,2,7,28.6,2,6,33.3,5,7,71.4,1,1,2,2,0,1,1,0,-23
Jaylyn Sherrod,MIN,MIN vs. GS,09/14/2025,2025,W,4,0,0,1,0.0,0,0,0.0,0,0,0.0,1,0,1,1,0,0,0,1,-5
Carla Leite,GS,GS @ MIN,09/14/2025,2025,L,8,4,0,1,0.0,0,0,0.0,4,4,100.0,0,0,0,0,0,0,2,1,-5
Bridget Carleton,MIN,MIN vs. GS,09/14/2025,2025,W,21,2,0,1,0.0,0,1,0.0,2,2,100.0,1,2,3,3,0,0,0,2,+12
Alanna Smith,MIN,MIN vs. GS,09/14/2025,2025,W,28,9,2,5,40.0,1,4,25.0,4,7,57.1,0,6,6,2,4,0,2,3,+31
Napheesa Collier,MIN,MIN vs. GS,09/14/2025,2025,W,26,20,7,11,63.6,1,3,33.3,5,5,100.0,1,5,6,2,1,0,2,4,+11
Kayla McBride,MIN,MIN vs. GS,09/14/2025,2025,W,26,17,6,10,60.0,3,5,60.0,2,2,100.0,0,3,3,1,1,0,3,3,+11
Courtney Williams,MIN,MIN vs. GS,09/14/2025,2025,W,27,11,4,10,40.0,1,2,50.0,2,2,100.0,0,4,4,4,4,1,2,1,+22
Jessica Shepard,MIN,MIN vs. GS,09/14/2025,2025,W,17,12,4,7,57.1,0,0,0.0,4,4,100.0,4,4,8,4,1,0,0,1,+26
Maria Kliundikova,MIN,MIN vs. GS,09/14/2025,2025,W,4,0,0,1,0.0,0,0,0.0,0,0,0.0,1,0,1,2,0,0,0,0,-5
Camryn Taylor,MIN,MIN vs. GS,09/14/2025,2025,W,4,0,0,1,0.0,0,0,0.0,0,0,0.0,0,1,1,0,0,0,0,1,-5
Anastasiia Olairi Kosu,MIN,MIN vs. GS,09/14/2025,2025,W,4,6,3,3,100.0,0,0,0.0,0,0,0.0,0,0,0,0,0,0,0,3,-5
Natisha Hiedeman,MIN,MIN vs. GS,09/14/2025,2025,W,26,18,7,15,46.7,2,7,28.6,2,2,100.0,1,2,3,4,1,0,2,3,+32
DiJonai Carrington,MIN,MIN vs. GS,09/14/2025,2025,W,11,6,2,3,66.7,2,2,100.0,0,0,0.0,0,0,0,2,1,0,0,1,+20
Rebekah Gardner,NY,NY @ PHX,09/14/2025,2025,W,1,0,0,1,0.0,0,0,0.0,0,0,0.0,0,0,0,0,0,0,0,0,+2
Emma Meesseman,NY,NY @ PHX,09/14/2025,2025,W,13,2,1,6,16.7,0,0,0.0,0,0,0.0,2,6,8,0,0,0,2,1,-17
Bree Hall,IND,IND @ ATL,09/14/2025,2025,L,2,4,1,1,100.0,0,0,0.0,2,4,50.0,0,0,0,0,0,0,0,0,+4
Kennedy Burke,NY,NY @ PHX,09/14/2025,2025,W,15,0,0,5,0.0,0,2,0.0,0,0,0.0,4,0,4,0,0,0,2,1,-5
Maya Caldwell,ATL,ATL vs. IND,09/14/2025,2025,W,21,4,2,5,40.0,0,2,0.0,0,0,0.0,1,0,1,0,1,1,2,1,+13
Nneka Ogwumike,SEA,SEA @ LV,09/14/2025,2025,L,27,11,5,10,50.0,1,3,33.3,0,0,0.0,1,7,8,3,0,0,3,2,-33
Gabby Williams,SEA,SEA @ LV,09/14/2025,2025,L,27,16,8,13,61.5,0,2,0.0,0,0,0.0,0,3,3,2,1,0,3,0,-22
Ezi Magbegor,SEA,SEA @ LV,09/14/2025,2025,L,24,2,1,2,50.0,0,0,0.0,0,1,0.0,1,2,3,2,0,1,0,3,-14
Skylar Diggins,SEA,SEA @ LV,09/14/2025,2025,L,26,12,4,11,36.4,2,3,66.7,2,3,66.7,1,1,2,2,0,0,0,3,-22
Brittney Sykes,SEA,SEA @ LV,09/14/2025,2025,L,16,0,0,3,0.0,0,0,0.0,0,0,0.0,0,2,2,1,0,0,5,5,-17
Mackenzie Holmes,SEA,SEA @ LV,09/14/2025,2025,L,5,0,0,0,0.0,0,0,0.0,0,0,0.0,0,1,1,0,0,0,0,0,+7
Dominique Malonga,SEA,SEA @ LV,09/14/2025,2025,L,24,12,4,11,36.4,2,2,100.0,2,2,100.0,4,7,11,1,2,1,0,3,-10
Erica Wheeler,SEA,SEA @ LV,09/14/2025,2025,L,25,10,4,11,36.4,1,5,20.0,1,1,100.0,1,1,2,1,1,0,0,2,-21
Tiffany Mitchell,SEA,SEA @ LV,09/14/2025,2025,L,12,6,2,4,50.0,0,1,0.0,2,2,100.0,0,1,1,2,0,0,0,2,-1
Lexie Brown,SEA,SEA @ LV,09/14/2025,2025,L,7,5,2,3,66.7,1,2,50.0,0,0,0.0,0,1,1,0,0,0,0,0,+4
Zia Cooke,SEA,SEA @ LV,09/14/2025,2025,L,7,3,1,3,33.3,0,0,0.0,1,2,50.0,0,0,0,1,0,0,1,0,+4
NaLyssa Smith,LV,LV vs. SEA,09/14/2025,2025,W,25,11,4,6,66.7,0,0,0.0,3,6,50.0,3,6,9,1,0,2,0,0,+21
Kierstan Bell,LV,LV vs. SEA,09/14/2025,2025,W,15,5,2,6,33.3,1,5,20.0,0,0,0.0,0,1,1,0,0,0,0,1,-2
A'ja Wilson,LV,LV vs. SEA,09/14/2025,2025,W,30,29,10,18,55.6,1,2,50.0,8,10,80.0,0,8,8,2,3,2,3,4,+29
Chelsea Gray,LV,LV vs. SEA,09/14/2025,2025,W,27,5,1,4,25.0,1,2,50.0,2,2,100.0,1,3,4,6,3,0,1,2,+23
Jackie Young,LV,LV vs. SEA,09/14/2025,2025,W,28,18,6,9,66.7,4,6,66.7,2,2,100.0,2,3,5,7,4,0,4,3,+26
Cheyenne Parker-Tyus,LV,LV vs. SEA,09/14/2025,2025,W,11,7,3,3,100.0,1,1,100.0,0,0,0.0,2,0,2,0,0,1,1,4,+10
Kiah Stokes,LV,LV vs. SEA,09/14/2025,2025,W,5,0,0,0,0.0,0,0,0.0,0,0,0.0,0,0,0,0,0,0,0,1,-7
Megan DiLeo,LV,LV vs. SEA,09/14/2025,2025,W,5,0,0,3,0.0,0,1,0.0,0,0,0.0,1,1,2,0,0,0,0,0,-7
Jewell Loyd,LV,LV vs. SEA,09/14/2025,2025,W,26,14,5,9,55.6,3,6,50.0,1,1,100.0,1,2,3,1,0,1,0,2,+30
Dana Evans,LV,LV vs. SEA,09/14/2025,2025,W,23,13,5,11,45.5,3,6,50.0,0,0,0.0,1,3,4,6,0,0,0,2,+9
Aaliyah Nye,LV,LV vs. SEA,09/14/2025,2025,W,5,0,0,2,0.0,0,0,0.0,0,0,0.0,0,1,1,0,0,0,0,0,-7
Janelle Salaun,GS,GS @ MIN,09/14/2025,2025,L,36,13,5,11,45.5,3,7,42.9,0,0,0.0,1,5,6,0,1,0,2,2,-34
Te-Hina Paopao,ATL,ATL vs. IND,09/14/2025,2025,W,6,2,1,2,50.0,0,0,0.0,0,0,0.0,0,1,1,0,0,0,1,0,+1
Shatori Walker-Kimbrough,ATL,ATL vs. IND,09/14/2025,2025,W,1,0,0,0,0.0,0,0,0.0,0,0,0.0,0,0,0,0,0,1,0,0,-3
Alyssa Thomas,PHX,PHX vs. NY,09/14/2025,2025,L,41,14,7,18,38.9,0,0,0.0,0,2,0.0,2,7,9,8,1,0,3,2,-11
Brittney Griner,ATL,ATL vs. IND,09/14/2025,2025,W,8,2,1,4,25.0,0,0,0.0,0,0,0.0,1,1,2,1,0,0,0,0,+4
Natasha Mack,PHX,PHX vs. NY,09/14/2025,2025,L,19,2,1,3,33.3,0,0,0.0,0,0,0.0,1,0,1,1,2,0,0,0,-5
Satou Sabally,PHX,PHX vs. NY,09/14/2025,2025,L,37,9,2,17,11.8,1,10,10.0,4,4,100.0,0,8,8,2,3,0,3,2,-18
Kahleah Copper,PHX,PHX vs. NY,09/14/2025,2025,L,36,15,5,13,38.5,0,4,0.0,5,5,100.0,0,2,2,1,1,1,1,5,-12
Monique Akoa Makani,PHX,PHX vs. NY,09/14/2025,2025,L,34,8,2,11,18.2,1,3,33.3,3,3,100.0,1,1,2,2,0,0,1,4,-9
DeWanna Bonner,PHX,PHX vs. NY,09/14/2025,2025,L,31,12,5,7,71.4,1,3,33.3,1,2,50.0,0,5,5,0,3,0,1,0,+7
Kathryn Westbeld,PHX,PHX vs. NY,09/14/2025,2025,L,7,3,1,1,100.0,1,1,100.0,0,0,0.0,1,0,1,0,0,0,1,0,+6
Sami Whitcomb,PHX,PHX vs. NY,09/14/2025,2025,L,20,6,2,7,28.6,2,5,40.0,0,0,0.0,0,3,3,2,2,1,0,1,+7
Natasha Howard,IND,IND @ ATL,09/14/2025,2025,L,24,5,2,7,28.6,0,1,0.0,1,2,50.0,3,3,6,1,1,1,4,4,-11
Aliyah Boston,IND,IND @ ATL,09/14/2025,2025,L,34,8,3,9,33.3,0,2,0.0,2,2,100.0,1,11,12,5,0,0,1,5,-6
Odyssey Sims,IND,IND @ ATL,09/14/2025,2025,L,31,10,3,7,42.9,0,2,0.0,4,4,100.0,0,3,3,3,2,0,1,1,-14
Kelsey Mitchell,IND,IND @ ATL,09/14/2025,2025,L,33,27,9,18,50.0,1,4,25.0,8,9,88.9,1,0,1,4,0,1,1,3,-9
Lexie Hull,IND,IND @ ATL,09/14/2025,2025,L,36,9,3,13,23.1,1,5,20.0,2,2,100.0,2,2,4,1,0,0,2,3,-13
Brianna Turner,IND,IND @ ATL,09/14/2025,2025,L,12,0,0,2,0.0,0,0,0.0,0,0,0.0,2,3,5,1,1,0,0,2,-9
Makayla Timpson,IND,IND @ ATL,09/14/2025,2025,L,2,0,0,0,0.0,0,0,0.0,0,0,0.0,0,0,0,0,0,1,0,0,+4
Shey Peddy,IND,IND @ ATL,09/14/2025,2025,L,10,0,0,2,0.0,0,0,0.0,0,0,0.0,0,1,1,0,1,0,1,0,-6
Aerial Powers,IND,IND @ ATL,09/14/2025,2025,L,17,5,1,4,25.0,0,1,0.0,3,6,50.0,0,0,0,0,2,0,2,1,0
Brionna Jones,ATL,ATL vs. IND,09/14/2025,2025,W,31,12,5,7,71.4,0,0,0.0,2,2,100.0,1,4,5,3,3,0,2,5,+12
Naz Hillmon,ATL,ATL vs. IND,09/14/2025,2025,W,33,16,5,7,71.4,2,4,50.0,4,5,80.0,5,4,9,3,1,3,2,5,+10
Allisha Gray,ATL,ATL vs. IND,09/14/2025,2025,W,35,20,5,16,31.2,1,5,20.0,9,10,90.0,1,5,6,4,3,1,2,3,+17
Jordin Canada,ATL,ATL vs. IND,09/14/2025,2025,W,25,2,1,8,12.5,0,0,0.0,0,0,0.0,2,2,4,4,1,0,2,6,+5
Rhyne Howard,ATL,ATL vs. IND,09/14/2025,2025,W,32,20,6,17,35.3,4,10,40.0,4,4,100.0,0,6,6,2,1,0,1,3,+3
Nia Brodie,ATL,ATL vs. IND,09/14/2025,2025,W,7,2,1,3,33.3,0,1,0.0,0,0,0.0,0,1,1,0,0,0,0,0,+1
Sika Kone,ATL,ATL vs. IND,09/14/2025,2025,W,1,0,0,1,0.0,0,0,0.0,0,0,0.0,1,0,1,0,0,0,1,1,-3
Cecilia Zandalasini,GS,GS @ MIN,09/14/2025,2025,L,30,14,3,10,30.0,1,5,20.0,7,7,100.0,0,4,4,2,1,0,1,3,-24
