Name,League,Team,Stat,Versus,Prizepicks,Odds Type
Matt Davidson,KBO,KIW,Hitter Fantasy Score,HAN,6.5,standard
Koo Ja-wook,KBO,SAM,Hitter Fantasy Score,DOO,7.5,standard
Lewin Diaz,KBO,SAM,Hitter Fantasy Score,DOO,7.0,standard
Guillermo Heredia,KBO,SSG,Hitter Fantasy Score,NCD,6.0,standard
Austin Dean,KBO,LG,Hitter Fantasy Score,KIA,7.0,standard
Kim Do-yeong,KBO,KIA,Hitter Fantasy Score,LG,6.5,standard
Harold Castro,KBO,KIA,Hitter Fantasy Score,LG,6.5,standard
An Woo-jin,KBO,KIW,Pitcher Strikeouts,HAN,5.0,standard
An Woo-jin,KBO,KIW,Hits Allowed,HAN,4.5,standard
Choo Jae-hyun,KBO,KIW,Hits+Runs+RBIs,HAN,2.0,standard
Matt Davidson,KBO,KIW,Hits+Runs+RBIs,HAN,2.0,standard
Keston Hiura,KBO,KIW,Hits+Runs+RBIs,HAN,2.0,standard
Choi In-ho,KBO,HAN,Hits+Runs+RBIs,KIW,2.0,standard
Moon Hyun-bin,KBO,HAN,Hits+Runs+RBIs,KIW,2.0,standard
Kang Baek-ho,KBO,HAN,Hits+Runs+RBIs,KIW,2.0,standard
Chris Paddack,KBO,SAM,Pitching Outs,DOO,17.5,goblin
Chris Paddack,KBO,SAM,Pitcher Strikeouts,DOO,6.5,demon
Wesley Benjamin,KBO,DOO,Pitcher Strikeouts,SAM,5.5,standard
Chris Paddack,KBO,SAM,Hits Allowed,DOO,5.0,standard
Wesley Benjamin,KBO,DOO,Hits Allowed,SAM,4.5,standard
Koo Ja-wook,KBO,SAM,Hits+Runs+RBIs,DOO,2.5,demon
Lewin Diaz,KBO,SAM,Hits+Runs+RBIs,DOO,2.5,demon
Park Jun-soon,KBO,DOO,Hits+Runs+RBIs,SAM,2.0,standard
Kim Ji-chan,KBO,SAM,Hits+Runs+RBIs,DOO,2.0,standard
Mike Clevinger,KBO,NCD,Pitcher Strikeouts,SSG,4.5,goblin
Guillermo Heredia,KBO,SSG,Hits+Runs+RBIs,NCD,2.0,standard
Park Seong-Han,KBO,SSG,Hits+Runs+RBIs,NCD,2.0,standard
Kim Ju-Won,KBO,NCD,Hits+Runs+RBIs,SSG,2.0,standard
Park Min-woo,KBO,NCD,Hits+Runs+RBIs,SSG,2.0,standard
Kim Whee-Jip,KBO,NCD,Hits+Runs+RBIs,SSG,2.0,standard
Austin Dean,KBO,LG,Hits+Runs+RBIs,KIA,2.5,demon
Kim Do-yeong,KBO,KIA,Hits+Runs+RBIs,LG,2.0,standard
Harold Castro,KBO,KIA,Hits+Runs+RBIs,LG,2.0,standard
Park Hae-min,KBO,LG,Hits+Runs+RBIs,KIA,2.0,standard
Choi Won-jun,KBO,KTW,Hitter Fantasy Score,LOT,7.5,standard
Sam Hilliard,KBO,KTW,Hitter Fantasy Score,LOT,7.5,standard
Victor Reyes,KBO,LOT,Hitter Fantasy Score,KTW,6.0,standard
Na Gyun-an,KBO,LOT,Pitching Outs,KTW,17.5,goblin
Na Gyun-an,KBO,LOT,Hits Allowed,KTW,6.0,standard
Na Gyun-an,KBO,LOT,Pitcher Strikeouts,KTW,5.0,standard
Bae Je-seong,KBO,KTW,Pitcher Strikeouts,LOT,4.5,standard
Choi Won-jun,KBO,KTW,Hits+Runs+RBIs,LOT,2.5,standard
Sam Hilliard,KBO,KTW,Hits+Runs+RBIs,LOT,2.5,standard
Victor Reyes,KBO,LOT,Hits+Runs+RBIs,KTW,2.0,standard
Ahn Hyun-min,KBO,KTW,Hits+Runs+RBIs,LOT,2.0,standard
Hwang Seong-bin,KBO,LOT,Hits+Runs+RBIs,KTW,1.5,standard
