Rk,Player,Age,Team,Lg,WAR,G,PA,AB,R,H,2B,3B,HR,RBI,SB,CS,BB,SO,BA,OBP,SLG,OPS,OPS+,rOBA,Rbat+,TB,GIDP,HBP,SH,SF,IBB,Pos,Awards
1.0,Ian Happ#,30.0,CHC,NL,1.1,34.0,165.0,143.0,28.0,41.0,9.0,0.0,2.0,16.0,1.0,1.0,21.0,28.0,0.287,0.376,0.392,0.767,120.0,0.354,128.0,56.0,3.0,0.0,0.0,1.0,0.0,*7,
2.0,Jarren Duran*,28.0,BOS,AL,0.5,34.0,163.0,150.0,19.0,42.0,9.0,4.0,2.0,19.0,11.0,3.0,10.0,30.0,0.28,0.331,0.433,0.765,115.0,0.345,114.0,65.0,1.0,2.0,0.0,1.0,0.0,*7/89,
3.0,Rafael Devers*,28.0,BOS,AL,0.9,35.0,161.0,133.0,22.0,34.0,11.0,0.0,5.0,23.0,0.0,0.0,25.0,43.0,0.256,0.373,0.451,0.824,132.0,0.369,138.0,60.0,2.0,1.0,0.0,2.0,2.0,*D,
4.0,Kyle Tucker*,28.0,CHC,NL,1.5,34.0,159.0,134.0,30.0,38.0,8.0,2.0,9.0,30.0,8.0,0.0,24.0,19.0,0.284,0.39,0.575,0.965,172.0,0.42,166.0,77.0,3.0,0.0,0.0,1.0,3.0,*9/D,
5.0,Alex Bregman,31.0,BOS,AL,2.3,34.0,155.0,136.0,24.0,44.0,13.0,0.0,8.0,27.0,1.0,1.0,14.0,28.0,0.324,0.4,0.596,0.996,178.0,0.427,181.0,81.0,1.0,4.0,0.0,1.0,1.0,*5,
6.0,Corbin Carroll*,24.0,ARI,NL,1.5,33.0,154.0,140.0,25.0,39.0,8.0,4.0,9.0,23.0,5.0,1.0,10.0,41.0,0.279,0.344,0.586,0.93,154.0,0.397,150.0,82.0,1.0,4.0,0.0,0.0,1.0,*9/H,
7.0,James Wood*,22.0,WSN,NL,1.2,34.0,151.0,128.0,21.0,35.0,8.0,0.0,9.0,21.0,5.0,2.0,22.0,40.0,0.273,0.384,0.547,0.931,163.0,0.404,162.0,70.0,1.0,1.0,0.0,0.0,0.0,*7/D,
8.0,Bo Bichette,27.0,TOR,AL,0.3,33.0,150.0,141.0,13.0,40.0,10.0,0.0,1.0,14.0,3.0,2.0,6.0,22.0,0.284,0.32,0.376,0.696,100.0,0.311,100.0,53.0,2.0,2.0,0.0,1.0,1.0,*6,
9.0,Bryan Reynolds#,30.0,PIT,NL,-0.5,33.0,150.0,135.0,13.0,32.0,5.0,0.0,4.0,17.0,3.0,2.0,12.0,41.0,0.237,0.3,0.363,0.663,85.0,0.291,78.0,49.0,4.0,1.0,0.0,2.0,1.0,9D,
10.0,Willy Adames,29.0,SFG,NL,-0.5,34.0,149.0,130.0,18.0,28.0,5.0,0.0,2.0,15.0,2.0,2.0,17.0,34.0,0.215,0.302,0.3,0.602,76.0,0.278,80.0,39.0,1.0,0.0,0.0,2.0,0.0,*6/D,
11.0,Jackson Chourio,21.0,MIL,NL,0.8,33.0,149.0,145.0,22.0,37.0,12.0,1.0,6.0,24.0,2.0,2.0,2.0,33.0,0.255,0.268,0.476,0.744,104.0,0.336,112.0,69.0,5.0,1.0,0.0,1.0,0.0,*79/8D,
12.0,Elly De La Cruz#,23.0,CIN,NL,1.2,34.0,149.0,131.0,24.0,36.0,5.0,0.0,5.0,25.0,13.0,4.0,15.0,40.0,0.275,0.356,0.427,0.783,115.0,0.349,109.0,56.0,0.0,2.0,0.0,1.0,2.0,*6,
13.0,Xavier Edwards#,25.0,MIA,NL,-0.2,32.0,149.0,131.0,15.0,34.0,3.0,1.0,0.0,10.0,7.0,2.0,14.0,25.0,0.26,0.331,0.298,0.629,74.0,0.296,72.0,39.0,0.0,1.0,1.0,2.0,1.0,*6/D,
14.0,Brent Rooker,30.0,ATH,AL,0.5,34.0,149.0,136.0,21.0,34.0,5.0,1.0,9.0,18.0,0.0,1.0,12.0,39.0,0.25,0.315,0.5,0.815,130.0,0.355,132.0,68.0,2.0,1.0,0.0,0.0,0.0,*D/79H,
15.0,TJ Friedl*,29.0,CIN,NL,0.4,32.0,148.0,133.0,18.0,36.0,6.0,1.0,1.0,13.0,7.0,2.0,11.0,23.0,0.271,0.327,0.353,0.68,87.0,0.32,91.0,47.0,2.0,1.0,1.0,2.0,0.0,*8/D,
16.0,Bryce Harper*,32.0,PHI,NL,0.7,33.0,148.0,123.0,18.0,28.0,6.0,0.0,5.0,16.0,6.0,0.0,25.0,29.0,0.228,0.358,0.398,0.756,112.0,0.346,110.0,49.0,2.0,0.0,0.0,0.0,2.0,*3,
17.0,Aaron Judge,33.0,NYY,AL,3.2,33.0,148.0,125.0,31.0,54.0,8.0,2.0,11.0,33.0,3.0,2.0,21.0,30.0,0.432,0.52,0.792,1.312,272.0,0.551,280.0,99.0,3.0,2.0,0.0,0.0,4.0,*9/D,
18.0,Lars Nootbaar*,27.0,STL,NL,1.5,32.0,148.0,122.0,22.0,31.0,6.0,0.0,5.0,18.0,4.0,1.0,25.0,23.0,0.254,0.385,0.426,0.811,129.0,0.371,134.0,52.0,3.0,1.0,0.0,0.0,2.0,*7/9D8H,
19.0,Bobby Witt Jr.,25.0,KCR,AL,1.9,34.0,148.0,129.0,20.0,39.0,12.0,0.0,3.0,15.0,9.0,4.0,14.0,24.0,0.302,0.378,0.465,0.843,139.0,0.386,151.0,60.0,0.0,3.0,0.0,2.0,3.0,*6,
20.0,Francisco Lindor#,31.0,NYM,NL,0.8,32.0,147.0,129.0,22.0,38.0,5.0,0.0,6.0,16.0,2.0,1.0,10.0,21.0,0.295,0.361,0.473,0.833,138.0,0.367,139.0,61.0,1.0,5.0,0.0,3.0,0.0,*6,
21.0,Julio Rodríguez,24.0,SEA,AL,1.0,32.0,147.0,129.0,23.0,27.0,4.0,2.0,5.0,16.0,5.0,1.0,15.0,33.0,0.209,0.306,0.388,0.694,108.0,0.316,110.0,50.0,1.0,3.0,0.0,0.0,1.0,*8/H,
22.0,Pete Alonso,30.0,NYM,NL,2.3,33.0,146.0,116.0,23.0,40.0,11.0,1.0,8.0,30.0,0.0,1.0,24.0,22.0,0.345,0.473,0.664,1.136,224.0,0.476,219.0,77.0,5.0,5.0,0.0,1.0,1.0,*3,
23.0,Yandy Díaz,33.0,TBR,AL,0.1,33.0,146.0,132.0,13.0,32.0,8.0,0.0,4.0,14.0,2.0,0.0,11.0,19.0,0.242,0.301,0.394,0.695,99.0,0.308,94.0,52.0,4.0,1.0,0.0,2.0,0.0,*D/3,
24.0,Geraldo Perdomo#,25.0,ARI,NL,1.6,33.0,146.0,115.0,16.0,31.0,5.0,0.0,5.0,26.0,7.0,0.0,23.0,16.0,0.27,0.382,0.443,0.825,130.0,0.381,133.0,51.0,1.0,1.0,2.0,5.0,0.0,*6/H,
25.0,Dansby Swanson,31.0,CHC,NL,0.5,34.0,146.0,135.0,23.0,29.0,5.0,1.0,7.0,18.0,4.0,0.0,9.0,43.0,0.215,0.262,0.422,0.684,92.0,0.309,90.0,57.0,1.0,0.0,1.0,1.0,0.0,*6,
26.0,Heliot Ramos,25.0,SFG,NL,0.3,34.0,145.0,131.0,24.0,32.0,7.0,0.0,5.0,12.0,3.0,0.0,11.0,36.0,0.244,0.31,0.412,0.723,108.0,0.329,110.0,54.0,3.0,2.0,0.0,1.0,0.0,*7/D,
27.0,Kyle Schwarber*,32.0,PHI,NL,1.2,33.0,145.0,115.0,23.0,28.0,3.0,1.0,10.0,25.0,2.0,1.0,26.0,31.0,0.243,0.4,0.548,0.948,163.0,0.413,166.0,63.0,0.0,4.0,0.0,0.0,2.0,*D/7,
28.0,Juan Soto*,26.0,NYM,NL,1.1,33.0,145.0,120.0,24.0,31.0,8.0,0.0,5.0,14.0,2.0,0.0,24.0,21.0,0.258,0.379,0.45,0.829,138.0,0.38,146.0,54.0,6.0,0.0,0.0,1.0,2.0,*9,
29.0,Matt Chapman,32.0,SFG,NL,1.5,34.0,144.0,117.0,16.0,24.0,4.0,0.0,7.0,21.0,4.0,1.0,27.0,38.0,0.205,0.354,0.419,0.773,124.0,0.349,125.0,49.0,0.0,0.0,0.0,0.0,0.0,*5,
30.0,Shohei Ohtani*,30.0,LAD,NL,1.5,31.0,144.0,123.0,35.0,36.0,4.0,3.0,8.0,11.0,9.0,1.0,21.0,37.0,0.293,0.396,0.569,0.965,173.0,0.421,169.0,70.0,0.0,0.0,0.0,0.0,2.0,*D,
31.0,Cal Raleigh#,28.0,SEA,AL,1.8,32.0,144.0,123.0,21.0,31.0,7.0,0.0,12.0,23.0,4.0,0.0,19.0,37.0,0.252,0.361,0.602,0.963,184.0,0.419,185.0,74.0,1.0,2.0,0.0,0.0,2.0,*2/D,
32.0,Tyler Soderstrom*,23.0,ATH,AL,1.0,34.0,144.0,130.0,22.0,36.0,5.0,0.0,9.0,24.0,1.0,0.0,13.0,31.0,0.277,0.34,0.523,0.863,143.0,0.372,141.0,68.0,5.0,0.0,0.0,1.0,0.0,*3/7D,
33.0,Spencer Torkelson,25.0,DET,AL,1.2,34.0,144.0,120.0,23.0,28.0,8.0,0.0,10.0,27.0,1.0,0.0,19.0,37.0,0.233,0.347,0.55,0.897,156.0,0.382,151.0,66.0,4.0,3.0,0.0,2.0,1.0,*3/DH,
34.0,Pete Crow-Armstrong*,23.0,CHC,NL,2.1,34.0,143.0,133.0,26.0,36.0,10.0,1.0,9.0,26.0,12.0,1.0,6.0,29.0,0.271,0.307,0.564,0.871,143.0,0.388,140.0,75.0,0.0,1.0,3.0,0.0,0.0,*8,
35.0,Vladimir Guerrero Jr.,26.0,TOR,AL,0.6,33.0,143.0,125.0,15.0,34.0,6.0,0.0,4.0,17.0,0.0,1.0,16.0,27.0,0.272,0.357,0.416,0.773,122.0,0.336,120.0,52.0,3.0,1.0,0.0,1.0,1.0,*3/DH,
36.0,Trevor Story,32.0,BOS,AL,0.7,34.0,143.0,135.0,16.0,36.0,2.0,0.0,5.0,16.0,7.0,0.0,6.0,41.0,0.267,0.308,0.393,0.7,97.0,0.32,93.0,53.0,0.0,2.0,0.0,0.0,0.0,*6/DH,
37.0,Brice Turang*,25.0,MIL,NL,1.4,33.0,143.0,127.0,28.0,41.0,2.0,0.0,3.0,16.0,8.0,3.0,12.0,29.0,0.323,0.38,0.409,0.79,122.0,0.377,138.0,52.0,0.0,1.0,1.0,2.0,0.0,*4,
38.0,Steven Kwan*,27.0,CLE,AL,1.8,33.0,142.0,131.0,20.0,43.0,6.0,0.0,4.0,15.0,4.0,0.0,9.0,14.0,0.328,0.376,0.466,0.842,142.0,0.381,146.0,61.0,0.0,1.0,1.0,0.0,0.0,*7/D,
39.0,Austin Riley,28.0,ATL,NL,1.1,32.0,142.0,133.0,12.0,38.0,6.0,0.0,6.0,20.0,0.0,0.0,7.0,45.0,0.286,0.331,0.466,0.797,120.0,0.354,121.0,62.0,2.0,2.0,0.0,0.0,0.0,*5,
40.0,Lawrence Butler*,24.0,ATH,AL,0.4,32.0,141.0,128.0,18.0,31.0,7.0,0.0,5.0,11.0,5.0,1.0,13.0,35.0,0.242,0.312,0.414,0.726,106.0,0.324,103.0,53.0,1.0,0.0,0.0,0.0,0.0,*9,
41.0,Nathaniel Lowe*,29.0,WSN,NL,0.3,34.0,141.0,127.0,11.0,32.0,6.0,0.0,6.0,27.0,1.0,0.0,14.0,41.0,0.252,0.326,0.441,0.767,117.0,0.338,114.0,56.0,2.0,0.0,0.0,0.0,0.0,*3/DH,
42.0,Anthony Santander#,30.0,TOR,AL,-0.4,32.0,141.0,125.0,11.0,23.0,5.0,0.0,4.0,12.0,0.0,0.0,15.0,32.0,0.184,0.27,0.32,0.59,69.0,0.265,65.0,40.0,4.0,0.0,0.0,1.0,0.0,D/97,
43.0,Riley Greene*,24.0,DET,AL,0.8,33.0,140.0,131.0,19.0,36.0,5.0,0.0,8.0,21.0,0.0,0.0,8.0,40.0,0.275,0.321,0.496,0.818,133.0,0.351,130.0,65.0,2.0,1.0,0.0,0.0,1.0,*78/D9H,
44.0,Matt Olson*,31.0,ATL,NL,0.9,32.0,140.0,113.0,18.0,26.0,5.0,0.0,5.0,16.0,0.0,0.0,26.0,25.0,0.23,0.379,0.407,0.786,120.0,0.357,124.0,46.0,7.0,1.0,0.0,0.0,0.0,*3,
45.0,Ozzie Albies#,28.0,ATL,NL,0.6,32.0,139.0,129.0,19.0,32.0,4.0,0.0,5.0,14.0,5.0,0.0,10.0,19.0,0.248,0.302,0.395,0.698,93.0,0.316,88.0,51.0,1.0,0.0,0.0,0.0,0.0,*4,
46.0,Randy Arozarena,30.0,SEA,AL,1.1,31.0,139.0,113.0,16.0,25.0,7.0,0.0,5.0,18.0,8.0,0.0,22.0,39.0,0.221,0.367,0.416,0.783,136.0,0.364,138.0,47.0,2.0,4.0,0.0,0.0,0.0,*7,
47.0,Isaac Paredes,26.0,HOU,AL,1.3,32.0,139.0,120.0,14.0,30.0,3.0,1.0,4.0,14.0,0.0,0.0,17.0,23.0,0.25,0.353,0.392,0.744,115.0,0.342,121.0,47.0,3.0,2.0,0.0,0.0,0.0,*5,
48.0,Willson Contreras,33.0,STL,NL,-0.3,32.0,138.0,123.0,13.0,28.0,5.0,0.0,3.0,13.0,2.0,0.0,10.0,35.0,0.228,0.307,0.341,0.648,83.0,0.292,77.0,42.0,6.0,4.0,1.0,0.0,1.0,*3/D,
49.0,Paul Goldschmidt,37.0,NYY,AL,0.8,33.0,138.0,126.0,18.0,44.0,8.0,0.0,3.0,16.0,1.0,0.0,9.0,25.0,0.349,0.394,0.484,0.878,152.0,0.381,149.0,61.0,3.0,1.0,0.0,1.0,1.0,*3/DH,
50.0,Josh Naylor*,28.0,ARI,NL,0.7,32.0,138.0,121.0,15.0,37.0,9.0,0.0,4.0,19.0,5.0,2.0,15.0,18.0,0.306,0.38,0.479,0.859,139.0,0.384,143.0,58.0,5.0,0.0,0.0,1.0,1.0,*3/D,
51.0,Vinnie Pasquantino*,27.0,KCR,AL,-0.2,33.0,138.0,127.0,11.0,23.0,4.0,1.0,5.0,21.0,0.0,0.0,9.0,25.0,0.181,0.239,0.346,0.586,64.0,0.259,57.0,44.0,1.0,1.0,0.0,1.0,2.0,3D,
52.0,Anthony Volpe,24.0,NYY,AL,1.5,33.0,138.0,120.0,16.0,28.0,10.0,0.0,5.0,19.0,4.0,3.0,15.0,35.0,0.233,0.326,0.442,0.768,119.0,0.337,121.0,53.0,1.0,2.0,0.0,1.0,0.0,*6,
53.0,Jose Altuve,35.0,HOU,AL,-0.4,31.0,137.0,127.0,15.0,34.0,3.0,0.0,4.0,14.0,3.0,3.0,9.0,27.0,0.268,0.314,0.386,0.7,101.0,0.301,95.0,49.0,3.0,0.0,0.0,1.0,1.0,7/D4,
54.0,Trevor Larnach*,28.0,MIN,AL,0.3,33.0,137.0,119.0,17.0,27.0,2.0,0.0,4.0,15.0,1.0,0.0,15.0,27.0,0.227,0.316,0.345,0.661,88.0,0.312,95.0,41.0,3.0,1.0,0.0,1.0,1.0,79D/H,
55.0,Jung Hoo Lee*,26.0,SFG,NL,1.5,33.0,137.0,125.0,24.0,39.0,11.0,2.0,3.0,19.0,3.0,1.0,11.0,18.0,0.312,0.365,0.504,0.869,150.0,0.383,151.0,63.0,0.0,0.0,0.0,1.0,0.0,*8/H,
56.0,Trea Turner,32.0,PHI,NL,0.6,31.0,137.0,122.0,20.0,37.0,6.0,0.0,1.0,11.0,6.0,3.0,13.0,25.0,0.303,0.38,0.377,0.757,114.0,0.347,118.0,46.0,1.0,2.0,0.0,0.0,0.0,*6/H,
57.0,Christian Yelich*,33.0,MIL,NL,-0.1,32.0,137.0,117.0,14.0,24.0,3.0,0.0,5.0,23.0,6.0,0.0,18.0,36.0,0.205,0.314,0.359,0.673,89.0,0.319,90.0,42.0,2.0,1.0,0.0,1.0,1.0,*D/7H,
58.0,William Contreras,27.0,MIL,NL,0.9,32.0,136.0,115.0,17.0,28.0,2.0,0.0,3.0,18.0,4.0,0.0,20.0,21.0,0.243,0.353,0.339,0.692,96.0,0.329,100.0,39.0,1.0,0.0,0.0,1.0,3.0,*2/D7,
59.0,Ty France,30.0,MIN,AL,0.1,34.0,136.0,121.0,15.0,32.0,7.0,0.0,3.0,19.0,0.0,0.0,9.0,17.0,0.264,0.338,0.397,0.735,108.0,0.334,112.0,48.0,4.0,5.0,0.0,1.0,0.0,*3,
60.0,JJ Bleday*,27.0,ATH,AL,0.0,33.0,135.0,117.0,22.0,27.0,7.0,0.0,4.0,13.0,1.0,1.0,17.0,28.0,0.231,0.326,0.393,0.719,106.0,0.324,109.0,46.0,2.0,0.0,0.0,1.0,0.0,*8/H,
61.0,Seiya Suzuki,30.0,CHC,NL,1.1,30.0,135.0,121.0,20.0,34.0,6.0,2.0,9.0,29.0,1.0,1.0,13.0,39.0,0.281,0.348,0.587,0.935,162.0,0.401,162.0,71.0,3.0,0.0,0.0,1.0,0.0,*D/79,
62.0,Oneil Cruz*,26.0,PIT,NL,0.5,31.0,134.0,107.0,20.0,27.0,5.0,0.0,8.0,18.0,14.0,0.0,24.0,35.0,0.252,0.388,0.523,0.911,152.0,0.417,149.0,56.0,2.0,1.0,0.0,2.0,2.0,*8/HD,
63.0,Sal Frelick*,25.0,MIL,NL,0.2,34.0,134.0,117.0,16.0,35.0,5.0,2.0,1.0,9.0,7.0,2.0,13.0,16.0,0.299,0.383,0.402,0.785,121.0,0.356,121.0,47.0,1.0,3.0,1.0,0.0,0.0,*98/5,
64.0,Jonathan India,28.0,KCR,AL,0.0,31.0,134.0,113.0,12.0,24.0,6.0,0.0,0.0,5.0,0.0,2.0,19.0,21.0,0.212,0.328,0.265,0.594,72.0,0.27,72.0,30.0,2.0,1.0,0.0,1.0,0.0,57/D,
65.0,Jeremy Peña,27.0,HOU,AL,1.4,32.0,134.0,120.0,17.0,34.0,5.0,0.0,4.0,12.0,5.0,0.0,10.0,20.0,0.283,0.351,0.425,0.776,123.0,0.346,117.0,51.0,1.0,3.0,0.0,1.0,1.0,*6,
66.0,Marcus Semien,34.0,TEX,AL,-0.3,33.0,134.0,117.0,9.0,21.0,1.0,0.0,2.0,13.0,1.0,1.0,15.0,26.0,0.179,0.269,0.239,0.508,51.0,0.241,53.0,28.0,3.0,0.0,0.0,2.0,0.0,*4,
67.0,Mookie Betts,32.0,LAD,NL,1.3,30.0,133.0,116.0,24.0,31.0,4.0,1.0,5.0,21.0,2.0,0.0,15.0,11.0,0.267,0.353,0.448,0.802,129.0,0.353,125.0,52.0,3.0,1.0,0.0,1.0,0.0,*6,
68.0,Nick Castellanos,33.0,PHI,NL,0.0,33.0,133.0,122.0,14.0,33.0,8.0,0.0,3.0,17.0,0.0,0.0,9.0,24.0,0.27,0.323,0.41,0.733,105.0,0.33,105.0,50.0,3.0,1.0,0.0,1.0,0.0,*9/D,
69.0,Brendan Donovan*,28.0,STL,NL,1.1,31.0,133.0,120.0,17.0,40.0,9.0,0.0,3.0,17.0,3.0,1.0,10.0,15.0,0.333,0.386,0.483,0.87,144.0,0.383,144.0,58.0,3.0,1.0,1.0,1.0,0.0,*4/76DH,
70.0,Eugenio Suárez,33.0,ARI,NL,0.3,33.0,133.0,117.0,19.0,23.0,5.0,0.0,10.0,21.0,1.0,0.0,12.0,36.0,0.197,0.286,0.496,0.781,114.0,0.354,120.0,58.0,2.0,3.0,0.0,1.0,1.0,*5/H,
71.0,Fernando Tatis Jr.,26.0,SDP,NL,2.5,31.0,133.0,117.0,26.0,40.0,4.0,1.0,8.0,18.0,8.0,2.0,14.0,20.0,0.342,0.414,0.598,1.012,182.0,0.465,199.0,70.0,2.0,1.0,0.0,1.0,1.0,*9/D,
72.0,Junior Caminero,21.0,TBR,AL,0.1,32.0,132.0,125.0,17.0,30.0,6.0,0.0,6.0,13.0,1.0,0.0,6.0,29.0,0.24,0.273,0.432,0.705,99.0,0.332,112.0,54.0,9.0,0.0,0.0,1.0,0.0,*5/DH,
73.0,Andrés Giménez*,26.0,TOR,AL,0.5,33.0,132.0,117.0,15.0,21.0,4.0,0.0,3.0,8.0,9.0,1.0,10.0,26.0,0.179,0.265,0.291,0.556,60.0,0.267,57.0,34.0,1.0,4.0,0.0,1.0,0.0,*4/H,
74.0,Michael Harris II*,24.0,ATL,NL,-0.1,32.0,132.0,123.0,11.0,27.0,6.0,0.0,3.0,19.0,6.0,1.0,4.0,23.0,0.22,0.238,0.341,0.58,60.0,0.263,51.0,42.0,1.0,0.0,2.0,3.0,0.0,*8/H,
75.0,Ryan McMahon*,30.0,COL,NL,-0.1,32.0,132.0,111.0,10.0,17.0,3.0,0.0,3.0,6.0,1.0,0.0,19.0,44.0,0.153,0.28,0.261,0.542,49.0,0.258,45.0,29.0,1.0,1.0,0.0,1.0,0.0,*5,
76.0,Luis Robert Jr.,27.0,CHW,AL,0.6,31.0,132.0,110.0,17.0,20.0,3.0,0.0,5.0,14.0,13.0,5.0,19.0,42.0,0.182,0.3,0.345,0.645,87.0,0.317,102.0,38.0,2.0,0.0,0.0,1.0,1.0,*8/D,
77.0,Byron Buxton,31.0,MIN,AL,1.0,31.0,131.0,122.0,23.0,32.0,4.0,2.0,6.0,17.0,7.0,0.0,5.0,43.0,0.262,0.298,0.475,0.773,115.0,0.341,107.0,58.0,0.0,2.0,0.0,2.0,0.0,*8,
78.0,Manny Machado,32.0,SDP,NL,0.8,32.0,131.0,118.0,20.0,33.0,10.0,0.0,3.0,14.0,6.0,1.0,12.0,22.0,0.28,0.344,0.441,0.784,120.0,0.349,115.0,52.0,4.0,0.0,0.0,1.0,1.0,*5/D,
79.0,Jacob Wilson,23.0,ATH,AL,0.6,32.0,131.0,125.0,18.0,41.0,6.0,0.0,3.0,17.0,1.0,0.0,5.0,6.0,0.328,0.354,0.448,0.802,129.0,0.359,131.0,56.0,3.0,0.0,1.0,0.0,0.0,*6,
80.0,Alec Bohm,28.0,PHI,NL,-0.9,31.0,130.0,123.0,11.0,27.0,4.0,1.0,0.0,9.0,1.0,0.0,3.0,22.0,0.22,0.254,0.268,0.522,47.0,0.238,39.0,33.0,7.0,3.0,0.0,1.0,0.0,*5,
81.0,Teoscar Hernández,32.0,LAD,NL,1.4,31.0,130.0,124.0,20.0,38.0,9.0,0.0,9.0,33.0,4.0,0.0,4.0,25.0,0.306,0.326,0.597,0.922,158.0,0.398,154.0,74.0,4.0,0.0,0.0,1.0,0.0,*9,
82.0,Miguel Vargas,25.0,CHW,AL,0.6,32.0,130.0,114.0,14.0,25.0,6.0,0.0,2.0,12.0,1.0,0.0,14.0,27.0,0.219,0.315,0.325,0.64,87.0,0.291,85.0,37.0,0.0,2.0,0.0,0.0,0.0,*5/D3H,
83.0,Taylor Ward,31.0,LAA,AL,-0.5,31.0,130.0,122.0,13.0,21.0,4.0,0.0,6.0,10.0,0.0,1.0,7.0,35.0,0.172,0.215,0.352,0.568,59.0,0.247,53.0,43.0,2.0,0.0,0.0,1.0,1.0,*7,
84.0,Nolan Arenado,34.0,STL,NL,0.7,30.0,129.0,114.0,13.0,27.0,9.0,0.0,3.0,13.0,1.0,0.0,14.0,10.0,0.237,0.326,0.395,0.72,102.0,0.32,98.0,45.0,3.0,1.0,0.0,0.0,3.0,*5,
85.0,Carlos Correa,30.0,MIN,AL,0.0,33.0,129.0,121.0,11.0,25.0,8.0,0.0,1.0,9.0,0.0,0.0,7.0,25.0,0.207,0.248,0.298,0.546,54.0,0.24,43.0,36.0,6.0,0.0,0.0,1.0,0.0,*6,
86.0,Nico Hoerner,28.0,CHC,NL,0.7,30.0,129.0,118.0,14.0,34.0,5.0,1.0,0.0,15.0,6.0,2.0,8.0,10.0,0.288,0.333,0.347,0.681,95.0,0.326,105.0,41.0,0.0,1.0,0.0,2.0,0.0,*4,
87.0,Brandon Nimmo*,32.0,NYM,NL,0.2,31.0,129.0,118.0,16.0,27.0,4.0,0.0,7.0,22.0,0.0,1.0,9.0,23.0,0.229,0.279,0.441,0.72,104.0,0.303,96.0,52.0,3.0,0.0,0.0,2.0,1.0,*7/8H,
88.0,Andrew Vaughn,27.0,CHW,AL,-1.3,31.0,129.0,121.0,7.0,21.0,3.0,0.0,3.0,14.0,0.0,0.0,7.0,30.0,0.174,0.217,0.273,0.49,41.0,0.218,33.0,33.0,3.0,0.0,0.0,1.0,0.0,*3/D,
89.0,Wilyer Abreu*,26.0,BOS,AL,1.4,33.0,128.0,107.0,18.0,28.0,6.0,0.0,6.0,21.0,4.0,0.0,21.0,30.0,0.262,0.383,0.486,0.869,145.0,0.38,141.0,52.0,2.0,0.0,0.0,0.0,4.0,*9/H,
90.0,Ke'Bryan Hayes,28.0,PIT,NL,0.4,32.0,128.0,118.0,8.0,29.0,2.0,1.0,1.0,13.0,3.0,0.0,8.0,23.0,0.246,0.305,0.305,0.61,72.0,0.281,66.0,36.0,3.0,2.0,0.0,0.0,0.0,*5,
91.0,Marcell Ozuna,34.0,ATL,NL,1.0,29.0,128.0,98.0,15.0,27.0,4.0,0.0,5.0,12.0,0.0,0.0,29.0,27.0,0.276,0.438,0.469,0.907,154.0,0.413,164.0,46.0,2.0,0.0,0.0,1.0,0.0,*D,
92.0,Carlos Santana#,39.0,CLE,AL,0.3,31.0,128.0,111.0,13.0,25.0,2.0,0.0,3.0,9.0,2.0,0.0,13.0,21.0,0.225,0.313,0.324,0.637,85.0,0.294,85.0,36.0,1.0,2.0,0.0,2.0,1.0,*3/D,
93.0,Bryson Stott*,27.0,PHI,NL,0.5,30.0,128.0,114.0,17.0,31.0,4.0,2.0,2.0,15.0,7.0,0.0,12.0,27.0,0.272,0.344,0.395,0.738,107.0,0.341,104.0,45.0,0.0,1.0,0.0,1.0,0.0,*4/H,
94.0,Christian Walker,34.0,HOU,AL,-0.1,31.0,128.0,116.0,14.0,22.0,6.0,0.0,4.0,9.0,0.0,0.0,9.0,38.0,0.19,0.266,0.345,0.61,74.0,0.287,81.0,40.0,6.0,3.0,0.0,0.0,0.0,*3,
95.0,Xander Bogaerts,32.0,SDP,NL,0.1,32.0,127.0,111.0,15.0,26.0,8.0,0.0,1.0,8.0,5.0,0.0,14.0,29.0,0.234,0.323,0.333,0.656,86.0,0.297,76.0,37.0,3.0,1.0,0.0,1.0,2.0,*6/H,
96.0,Maikel Garcia,25.0,KCR,AL,0.8,33.0,127.0,114.0,12.0,35.0,9.0,0.0,2.0,12.0,7.0,5.0,12.0,19.0,0.307,0.37,0.439,0.809,129.0,0.35,129.0,50.0,1.0,0.0,0.0,1.0,0.0,5/48DH69,
97.0,Cedric Mullins*,30.0,BAL,AL,1.2,30.0,127.0,105.0,17.0,27.0,5.0,0.0,6.0,20.0,5.0,1.0,20.0,25.0,0.257,0.386,0.476,0.862,154.0,0.391,159.0,50.0,1.0,2.0,0.0,0.0,0.0,*8,
98.0,José Ramírez#,32.0,CLE,AL,0.3,31.0,127.0,113.0,14.0,31.0,5.0,0.0,5.0,15.0,8.0,2.0,9.0,15.0,0.274,0.323,0.451,0.774,121.0,0.342,117.0,51.0,0.0,1.0,0.0,4.0,2.0,*5/D,
99.0,Jorge Soler,33.0,LAA,AL,0.1,31.0,127.0,115.0,13.0,27.0,7.0,0.0,6.0,13.0,0.0,0.0,7.0,39.0,0.235,0.291,0.452,0.744,109.0,0.326,108.0,52.0,2.0,3.0,0.0,2.0,0.0,*D/9,
100.0,Mark Vientos,25.0,NYM,NL,0.0,30.0,127.0,113.0,15.0,23.0,5.0,1.0,4.0,15.0,0.0,0.0,13.0,28.0,0.204,0.283,0.372,0.655,87.0,0.304,94.0,42.0,2.0,0.0,0.0,1.0,0.0,*5/D,
101.0,Adolis García,32.0,TEX,AL,0.6,33.0,126.0,116.0,10.0,24.0,7.0,0.0,4.0,15.0,4.0,0.0,6.0,31.0,0.207,0.262,0.371,0.633,83.0,0.293,84.0,43.0,2.0,3.0,0.0,1.0,0.0,*9,
102.0,Salvador Perez,35.0,KCR,AL,-0.1,31.0,126.0,118.0,8.0,28.0,11.0,0.0,2.0,16.0,0.0,0.0,7.0,24.0,0.237,0.28,0.381,0.661,86.0,0.298,86.0,45.0,2.0,0.0,0.0,0.0,0.0,2/3D,
103.0,Jazz Chisholm Jr.*,27.0,NYY,AL,1.2,30.0,125.0,105.0,17.0,19.0,3.0,0.0,7.0,17.0,6.0,1.0,15.0,39.0,0.181,0.304,0.41,0.714,104.0,0.333,109.0,43.0,1.0,4.0,0.0,1.0,0.0,*4,
104.0,Wilmer Flores,33.0,SFG,NL,0.1,33.0,125.0,117.0,15.0,28.0,2.0,0.0,7.0,29.0,1.0,0.0,7.0,28.0,0.239,0.288,0.436,0.724,107.0,0.319,105.0,51.0,2.0,1.0,0.0,0.0,0.0,*D/H3,
105.0,Lourdes Gurriel Jr.,31.0,ARI,NL,-0.1,30.0,125.0,117.0,11.0,25.0,7.0,0.0,5.0,18.0,1.0,0.0,3.0,14.0,0.214,0.232,0.402,0.634,73.0,0.276,64.0,47.0,1.0,1.0,0.0,4.0,0.0,*7,
106.0,Zach McKinstry*,30.0,DET,AL,1.3,31.0,125.0,106.0,17.0,32.0,6.0,3.0,1.0,15.0,3.0,0.0,16.0,33.0,0.302,0.387,0.443,0.83,141.0,0.366,137.0,47.0,1.0,0.0,1.0,2.0,1.0,*9/574H6,
107.0,Joey Ortiz,26.0,MIL,NL,-0.8,33.0,125.0,113.0,13.0,21.0,3.0,0.0,0.0,5.0,4.0,1.0,9.0,19.0,0.186,0.252,0.212,0.464,32.0,0.222,25.0,24.0,4.0,1.0,2.0,0.0,0.0,*6,
108.0,Michael Busch*,27.0,CHC,NL,1.2,32.0,124.0,109.0,16.0,30.0,7.0,1.0,6.0,22.0,2.0,0.0,12.0,29.0,0.275,0.363,0.523,0.886,150.0,0.388,148.0,57.0,1.0,3.0,0.0,0.0,0.0,*3/H,
109.0,J.P. Crawford*,30.0,SEA,AL,1.6,31.0,124.0,101.0,17.0,29.0,3.0,0.0,3.0,17.0,1.0,0.0,20.0,23.0,0.287,0.41,0.406,0.816,147.0,0.369,151.0,41.0,1.0,1.0,2.0,0.0,0.0,*6,
110.0,Kristian Campbell,23.0,BOS,AL,1.1,29.0,123.0,103.0,18.0,31.0,8.0,0.0,4.0,12.0,2.0,1.0,19.0,32.0,0.301,0.407,0.495,0.902,154.0,0.393,155.0,51.0,0.0,0.0,0.0,1.0,0.0,*4/87,
111.0,Shea Langeliers,27.0,ATH,AL,0.3,29.0,123.0,112.0,14.0,25.0,4.0,0.0,6.0,15.0,1.0,0.0,10.0,19.0,0.223,0.285,0.42,0.704,99.0,0.313,98.0,47.0,3.0,0.0,0.0,1.0,0.0,*2/D,
112.0,Adley Rutschman#,27.0,BAL,AL,0.4,30.0,123.0,106.0,15.0,23.0,3.0,0.0,4.0,9.0,0.0,0.0,17.0,21.0,0.217,0.325,0.358,0.684,102.0,0.308,103.0,38.0,5.0,0.0,0.0,0.0,0.0,*2/DH,
113.0,Michael Toglia#,26.0,COL,NL,-0.8,32.0,123.0,115.0,8.0,23.0,5.0,0.0,3.0,13.0,2.0,0.0,6.0,46.0,0.2,0.244,0.322,0.566,52.0,0.252,40.0,37.0,2.0,1.0,0.0,1.0,1.0,*3,
114.0,Cody Bellinger*,29.0,NYY,AL,-0.1,30.0,122.0,106.0,14.0,21.0,4.0,1.0,3.0,16.0,3.0,1.0,12.0,25.0,0.198,0.27,0.34,0.61,75.0,0.268,66.0,36.0,2.0,0.0,0.0,4.0,0.0,*78/9H,
115.0,Tommy Edman#,30.0,LAD,NL,1.1,30.0,122.0,111.0,19.0,28.0,4.0,1.0,8.0,24.0,2.0,1.0,6.0,18.0,0.252,0.295,0.523,0.818,129.0,0.352,126.0,58.0,1.0,2.0,0.0,3.0,0.0,*4/8H,
116.0,Hunter Goodman,25.0,COL,NL,0.6,31.0,122.0,109.0,16.0,29.0,5.0,0.0,5.0,16.0,0.0,0.0,10.0,28.0,0.266,0.344,0.45,0.794,114.0,0.357,117.0,49.0,3.0,3.0,0.0,0.0,0.0,2D,
117.0,Brandon Lowe*,30.0,TBR,AL,0.0,29.0,122.0,114.0,10.0,23.0,0.0,0.0,4.0,15.0,1.0,1.0,7.0,33.0,0.202,0.246,0.307,0.553,58.0,0.251,56.0,35.0,0.0,0.0,0.0,1.0,0.0,*4/H,
118.0,Gavin Lux*,27.0,CIN,NL,0.5,31.0,122.0,106.0,14.0,33.0,8.0,1.0,1.0,15.0,1.0,0.0,16.0,28.0,0.311,0.402,0.434,0.836,130.0,0.374,131.0,46.0,0.0,0.0,0.0,0.0,0.0,7/D45H,
119.0,Nolan Schanuel*,23.0,LAA,AL,-0.3,31.0,122.0,108.0,14.0,27.0,5.0,1.0,2.0,9.0,1.0,0.0,12.0,18.0,0.25,0.328,0.37,0.698,99.0,0.318,100.0,40.0,4.0,1.0,0.0,1.0,1.0,*3,
120.0,Yordan Alvarez*,28.0,HOU,AL,-0.4,29.0,121.0,100.0,7.0,21.0,4.0,0.0,3.0,18.0,1.0,0.0,16.0,21.0,0.21,0.306,0.34,0.646,86.0,0.279,73.0,34.0,0.0,0.0,0.0,5.0,3.0,*D/7,
121.0,Josh Bell#,32.0,WSN,NL,-0.7,30.0,121.0,108.0,12.0,15.0,0.0,1.0,5.0,14.0,0.0,1.0,12.0,27.0,0.139,0.231,0.296,0.528,50.0,0.243,51.0,32.0,4.0,1.0,0.0,0.0,0.0,*D/3,
122.0,Dylan Crews,23.0,WSN,NL,-0.1,31.0,121.0,113.0,18.0,22.0,1.0,1.0,4.0,6.0,8.0,1.0,6.0,34.0,0.195,0.248,0.327,0.575,63.0,0.275,63.0,37.0,0.0,2.0,0.0,0.0,0.0,*9/8,
123.0,Kyle Manzardo*,24.0,CLE,AL,0.4,30.0,121.0,102.0,13.0,21.0,3.0,1.0,8.0,20.0,0.0,0.0,15.0,33.0,0.206,0.306,0.49,0.796,126.0,0.337,119.0,50.0,1.0,1.0,0.0,3.0,1.0,*D/3H,
124.0,Mike Trout,33.0,LAA,AL,-0.1,29.0,121.0,106.0,14.0,19.0,1.0,1.0,9.0,18.0,2.0,0.0,12.0,36.0,0.179,0.264,0.462,0.727,103.0,0.309,92.0,49.0,1.0,1.0,0.0,2.0,2.0,*9/D,
125.0,Luis García Jr.*,25.0,WSN,NL,-0.2,30.0,120.0,108.0,15.0,25.0,5.0,0.0,2.0,10.0,6.0,0.0,8.0,16.0,0.231,0.283,0.333,0.617,76.0,0.292,75.0,36.0,0.0,1.0,0.0,3.0,0.0,*4/H,
126.0,Kyle Stowers*,27.0,MIA,NL,0.8,30.0,120.0,105.0,17.0,34.0,4.0,1.0,6.0,25.0,2.0,1.0,12.0,33.0,0.324,0.392,0.552,0.944,155.0,0.402,151.0,58.0,3.0,1.0,0.0,2.0,0.0,*9/7HD,
127.0,Max Kepler*,32.0,PHI,NL,0.7,30.0,119.0,106.0,18.0,28.0,7.0,0.0,5.0,10.0,0.0,0.0,12.0,22.0,0.264,0.345,0.472,0.816,127.0,0.355,123.0,50.0,2.0,1.0,0.0,0.0,1.0,*7/9H,
128.0,Otto López,26.0,MIA,NL,0.5,30.0,119.0,109.0,15.0,25.0,5.0,0.0,2.0,11.0,3.0,1.0,10.0,17.0,0.229,0.294,0.33,0.624,71.0,0.287,68.0,36.0,3.0,0.0,0.0,0.0,1.0,*4/6,
129.0,Keibert Ruiz#,26.0,WSN,NL,0.4,30.0,119.0,110.0,11.0,32.0,4.0,0.0,2.0,13.0,0.0,1.0,7.0,14.0,0.291,0.345,0.382,0.726,108.0,0.338,119.0,42.0,2.0,2.0,0.0,0.0,0.0,*2/H,
130.0,Lenyn Sosa,25.0,CHW,AL,0.1,32.0,119.0,115.0,10.0,29.0,4.0,0.0,2.0,8.0,0.0,0.0,3.0,27.0,0.252,0.271,0.339,0.61,76.0,0.276,75.0,39.0,3.0,0.0,1.0,0.0,0.0,*4/3H5D,
131.0,Mike Yastrzemski*,34.0,SFG,NL,1.2,30.0,119.0,102.0,14.0,28.0,7.0,0.0,5.0,15.0,2.0,2.0,16.0,24.0,0.275,0.378,0.49,0.868,151.0,0.382,156.0,50.0,2.0,1.0,0.0,0.0,1.0,*9/H,
132.0,Max Muncy*,34.0,LAD,NL,0.4,31.0,118.0,98.0,7.0,18.0,5.0,1.0,1.0,5.0,0.0,0.0,17.0,37.0,0.184,0.314,0.286,0.599,74.0,0.282,76.0,28.0,2.0,2.0,0.0,1.0,0.0,*5/H,
133.0,Ben Rice*,26.0,NYY,AL,0.9,29.0,118.0,102.0,22.0,26.0,5.0,1.0,8.0,13.0,2.0,1.0,13.0,30.0,0.255,0.356,0.559,0.915,159.0,0.393,159.0,57.0,3.0,3.0,0.0,0.0,0.0,*D/32H,
134.0,Michael Conforto*,32.0,LAD,NL,-0.6,30.0,117.0,97.0,16.0,14.0,4.0,0.0,2.0,6.0,1.0,0.0,18.0,36.0,0.144,0.291,0.247,0.538,57.0,0.261,60.0,24.0,6.0,2.0,0.0,0.0,0.0,*7/H,
135.0,Michael Massey*,27.0,KCR,AL,-0.9,31.0,116.0,108.0,4.0,22.0,4.0,0.0,0.0,10.0,0.0,0.0,2.0,19.0,0.204,0.217,0.241,0.458,30.0,0.199,13.0,26.0,3.0,1.0,1.0,4.0,0.0,*4/DH,
136.0,Andy Pages,24.0,LAD,NL,1.4,30.0,116.0,104.0,15.0,28.0,4.0,0.0,6.0,14.0,3.0,1.0,9.0,29.0,0.269,0.345,0.481,0.826,134.0,0.363,133.0,50.0,0.0,3.0,0.0,0.0,0.0,*8/97,
137.0,Luis Rengifo#,28.0,LAA,AL,-1.1,31.0,115.0,110.0,9.0,25.0,5.0,0.0,1.0,9.0,1.0,2.0,4.0,18.0,0.227,0.252,0.3,0.552,57.0,0.245,53.0,33.0,5.0,0.0,0.0,1.0,0.0,*5/4H,
138.0,Trey Sweeney*,25.0,DET,AL,0.2,33.0,115.0,102.0,15.0,21.0,2.0,1.0,2.0,9.0,2.0,0.0,13.0,26.0,0.206,0.296,0.304,0.6,75.0,0.276,72.0,31.0,1.0,0.0,0.0,0.0,0.0,*6/H,
139.0,Rhys Hoskins,32.0,MIL,NL,0.4,31.0,114.0,94.0,8.0,25.0,2.0,0.0,4.0,14.0,1.0,1.0,17.0,24.0,0.266,0.386,0.415,0.801,125.0,0.363,131.0,39.0,2.0,2.0,0.0,1.0,1.0,*3/HD,
140.0,J.T. Realmuto,34.0,PHI,NL,0.5,28.0,114.0,104.0,11.0,25.0,5.0,1.0,3.0,11.0,4.0,0.0,10.0,30.0,0.24,0.307,0.394,0.701,95.0,0.324,95.0,41.0,6.0,0.0,0.0,0.0,1.0,*2/D,
141.0,Spencer Steer,27.0,CIN,NL,0.0,27.0,114.0,103.0,17.0,21.0,4.0,0.0,3.0,11.0,2.0,0.0,10.0,24.0,0.204,0.281,0.33,0.611,68.0,0.287,67.0,34.0,3.0,1.0,0.0,0.0,0.0,D3,
142.0,Luis Arráez*,28.0,SDP,NL,0.3,26.0,113.0,103.0,11.0,31.0,4.0,1.0,3.0,12.0,2.0,1.0,5.0,2.0,0.301,0.333,0.447,0.78,118.0,0.336,111.0,46.0,1.0,1.0,2.0,2.0,0.0,*3/D,
143.0,Austin Wells*,25.0,NYY,AL,0.6,29.0,113.0,101.0,10.0,21.0,6.0,1.0,6.0,18.0,0.0,0.0,8.0,24.0,0.208,0.265,0.465,0.731,106.0,0.318,104.0,47.0,3.0,1.0,0.0,3.0,0.0,*2/H,
144.0,Kerry Carpenter*,27.0,DET,AL,0.6,31.0,112.0,106.0,16.0,29.0,4.0,0.0,7.0,14.0,0.0,1.0,2.0,18.0,0.274,0.297,0.509,0.807,129.0,0.349,132.0,54.0,1.0,2.0,0.0,1.0,0.0,*7/9DH,
145.0,Triston Casas*,25.0,BOS,AL,-0.8,29.0,112.0,99.0,5.0,18.0,3.0,0.0,3.0,11.0,0.0,0.0,11.0,27.0,0.182,0.277,0.303,0.58,65.0,0.267,62.0,30.0,3.0,2.0,0.0,0.0,2.0,*3/H,
146.0,Ceddanne Rafaela,24.0,BOS,AL,0.9,30.0,112.0,101.0,17.0,21.0,2.0,1.0,2.0,15.0,7.0,0.0,7.0,22.0,0.208,0.27,0.307,0.577,63.0,0.282,62.0,31.0,0.0,2.0,1.0,1.0,0.0,*8/H,
147.0,Eric Wagaman,27.0,MIA,NL,-0.1,28.0,112.0,105.0,15.0,27.0,6.0,0.0,3.0,8.0,1.0,1.0,7.0,17.0,0.257,0.304,0.4,0.704,91.0,0.313,89.0,42.0,3.0,0.0,0.0,0.0,0.0,3/D7H5,
148.0,Victor Scott II*,24.0,STL,NL,1.2,29.0,111.0,99.0,15.0,27.0,5.0,1.0,2.0,14.0,11.0,0.0,10.0,27.0,0.273,0.336,0.404,0.74,108.0,0.349,103.0,40.0,0.0,0.0,1.0,1.0,0.0,*8/97,
149.0,Jordan Walker,23.0,STL,NL,-0.1,28.0,111.0,102.0,9.0,21.0,2.0,0.0,2.0,9.0,2.0,2.0,8.0,33.0,0.206,0.27,0.284,0.555,57.0,0.265,64.0,29.0,2.0,1.0,0.0,0.0,0.0,*9/H,
150.0,Jonathan Aranda*,27.0,TBR,AL,1.1,30.0,110.0,94.0,14.0,28.0,9.0,0.0,4.0,14.0,0.0,0.0,12.0,25.0,0.298,0.391,0.521,0.912,160.0,0.396,161.0,49.0,3.0,3.0,0.0,1.0,0.0,*3/HD,
151.0,George Springer,35.0,TOR,AL,0.8,30.0,110.0,90.0,13.0,29.0,8.0,1.0,3.0,13.0,5.0,0.0,17.0,25.0,0.322,0.426,0.533,0.959,175.0,0.425,175.0,48.0,2.0,0.0,0.0,1.0,1.0,98/DH7,
152.0,Gabriel Arias,25.0,CLE,AL,0.6,31.0,109.0,99.0,17.0,24.0,6.0,0.0,4.0,11.0,2.0,1.0,8.0,31.0,0.242,0.303,0.424,0.727,108.0,0.313,101.0,42.0,2.0,1.0,0.0,1.0,0.0,*46/5H,
153.0,Isiah Kiner-Falefa,30.0,PIT,NL,0.7,30.0,109.0,100.0,11.0,28.0,3.0,1.0,0.0,7.0,6.0,2.0,7.0,20.0,0.28,0.333,0.33,0.663,87.0,0.31,88.0,33.0,2.0,1.0,1.0,0.0,0.0,*6/5,
154.0,Matt McLain,25.0,CIN,NL,0.4,25.0,109.0,94.0,16.0,15.0,1.0,0.0,4.0,12.0,5.0,0.0,14.0,34.0,0.16,0.275,0.298,0.573,58.0,0.293,67.0,28.0,2.0,1.0,0.0,0.0,0.0,4/DH,
155.0,Jake Burger,29.0,TEX,AL,-0.7,30.0,108.0,100.0,13.0,19.0,5.0,0.0,3.0,12.0,0.0,1.0,3.0,32.0,0.19,0.231,0.33,0.561,62.0,0.239,54.0,33.0,0.0,3.0,0.0,2.0,0.0,*3/DH,
156.0,Andrew McCutchen,38.0,PIT,NL,0.7,28.0,108.0,94.0,10.0,25.0,6.0,0.0,3.0,12.0,1.0,0.0,13.0,19.0,0.266,0.361,0.426,0.787,119.0,0.351,118.0,40.0,3.0,1.0,0.0,0.0,0.0,D/9H,
157.0,Ryan Mountcastle,28.0,BAL,AL,0.1,31.0,107.0,100.0,13.0,20.0,5.0,0.0,2.0,8.0,0.0,0.0,5.0,28.0,0.2,0.243,0.31,0.553,62.0,0.278,81.0,31.0,3.0,1.0,0.0,1.0,0.0,*3/HD,
158.0,Jasson Domínguez#,22.0,NYY,AL,0.2,27.0,106.0,94.0,14.0,21.0,7.0,0.0,2.0,12.0,3.0,0.0,11.0,34.0,0.223,0.311,0.362,0.673,94.0,0.318,99.0,34.0,1.0,1.0,0.0,0.0,0.0,*7/D,
159.0,Adam Frazier*,33.0,PIT,NL,0.6,31.0,106.0,95.0,10.0,22.0,3.0,0.0,2.0,9.0,3.0,1.0,8.0,16.0,0.232,0.302,0.326,0.628,76.0,0.298,80.0,31.0,4.0,2.0,0.0,1.0,0.0,*4/H79,
160.0,Gunnar Henderson*,24.0,BAL,AL,0.3,25.0,105.0,100.0,12.0,25.0,6.0,1.0,3.0,5.0,3.0,0.0,5.0,28.0,0.25,0.286,0.42,0.706,106.0,0.309,98.0,42.0,3.0,0.0,0.0,0.0,1.0,*6/D,
161.0,Tommy Pham,37.0,PIT,NL,-0.2,28.0,105.0,94.0,9.0,16.0,4.0,0.0,0.0,6.0,3.0,0.0,9.0,29.0,0.17,0.248,0.213,0.46,31.0,0.234,31.0,20.0,6.0,1.0,0.0,1.0,1.0,*7/9H,
162.0,Yainer Diaz,26.0,HOU,AL,0.1,27.0,104.0,101.0,11.0,22.0,4.0,1.0,3.0,14.0,0.0,1.0,3.0,22.0,0.218,0.24,0.366,0.607,72.0,0.276,77.0,37.0,2.0,0.0,0.0,0.0,0.0,*2/DH,
163.0,Edouard Julien*,26.0,MIN,AL,-0.4,29.0,104.0,91.0,8.0,18.0,5.0,0.0,2.0,8.0,0.0,2.0,11.0,29.0,0.198,0.288,0.319,0.607,72.0,0.264,68.0,29.0,2.0,1.0,0.0,1.0,0.0,4/DH6,
164.0,LaMonte Wade Jr.*,31.0,SFG,NL,-0.9,30.0,104.0,88.0,8.0,11.0,5.0,1.0,1.0,11.0,0.0,0.0,14.0,26.0,0.125,0.243,0.239,0.481,41.0,0.222,36.0,21.0,2.0,0.0,1.0,1.0,1.0,*3/HD,
165.0,Will Smith,30.0,LAD,NL,1.3,26.0,103.0,84.0,11.0,27.0,6.0,0.0,3.0,19.0,2.0,1.0,15.0,22.0,0.321,0.417,0.5,0.917,162.0,0.398,160.0,42.0,0.0,1.0,0.0,3.0,0.0,*2/H,
166.0,Brooks Baldwin#,24.0,CHW,AL,-0.5,30.0,102.0,94.0,6.0,22.0,5.0,0.0,3.0,14.0,2.0,0.0,5.0,28.0,0.234,0.27,0.383,0.653,87.0,0.288,80.0,36.0,3.0,0.0,2.0,1.0,0.0,67/49H85,
167.0,Brenton Doyle,27.0,COL,NL,0.4,24.0,102.0,93.0,11.0,22.0,4.0,0.0,4.0,15.0,3.0,0.0,8.0,24.0,0.237,0.294,0.409,0.703,89.0,0.323,88.0,38.0,1.0,0.0,0.0,1.0,0.0,*8/H,
168.0,Christopher Morel,26.0,TBR,AL,0.1,29.0,102.0,92.0,12.0,22.0,6.0,0.0,3.0,11.0,2.0,1.0,9.0,40.0,0.239,0.314,0.402,0.716,105.0,0.334,115.0,37.0,2.0,1.0,0.0,0.0,0.0,*7/H,
169.0,Harrison Bader,31.0,MIN,AL,1.1,31.0,101.0,90.0,11.0,25.0,3.0,0.0,3.0,13.0,2.0,2.0,8.0,26.0,0.278,0.356,0.411,0.768,117.0,0.34,120.0,37.0,1.0,3.0,0.0,0.0,0.0,*7/89H,
170.0,Alejandro Kirk,26.0,TOR,AL,-0.1,25.0,101.0,96.0,5.0,25.0,3.0,0.0,2.0,12.0,0.0,0.0,3.0,14.0,0.26,0.287,0.354,0.641,84.0,0.283,78.0,34.0,6.0,1.0,0.0,1.0,0.0,*2/D,
171.0,Wyatt Langford,23.0,TEX,AL,1.4,24.0,100.0,88.0,10.0,26.0,5.0,0.0,6.0,12.0,4.0,2.0,10.0,20.0,0.295,0.37,0.557,0.927,167.0,0.396,165.0,49.0,3.0,1.0,0.0,1.0,0.0,*7,
172.0,Logan O'Hoppe,25.0,LAA,AL,0.5,27.0,100.0,96.0,12.0,27.0,1.0,0.0,9.0,15.0,0.0,0.0,4.0,34.0,0.281,0.31,0.573,0.883,145.0,0.388,153.0,55.0,1.0,0.0,0.0,0.0,0.0,*2/HD,
173.0,Joey Bart,28.0,PIT,NL,0.3,25.0,99.0,81.0,6.0,22.0,3.0,1.0,1.0,7.0,1.0,0.0,15.0,28.0,0.272,0.404,0.37,0.774,119.0,0.36,124.0,30.0,4.0,3.0,0.0,0.0,0.0,*2/H,
174.0,Gavin Sheets*,29.0,SDP,NL,0.3,29.0,99.0,89.0,11.0,25.0,4.0,0.0,4.0,14.0,1.0,0.0,8.0,27.0,0.281,0.343,0.461,0.804,125.0,0.351,120.0,41.0,2.0,1.0,0.0,1.0,0.0,D/H37,
175.0,Pavin Smith*,29.0,ARI,NL,1.0,30.0,99.0,79.0,17.0,25.0,9.0,0.0,4.0,9.0,1.0,0.0,20.0,30.0,0.316,0.455,0.582,1.037,188.0,0.459,195.0,46.0,4.0,0.0,0.0,0.0,0.0,D/3H,
176.0,Colt Keith*,23.0,DET,AL,-0.2,31.0,98.0,81.0,13.0,14.0,2.0,0.0,2.0,6.0,0.0,0.0,17.0,22.0,0.173,0.316,0.272,0.588,73.0,0.287,83.0,22.0,1.0,0.0,0.0,0.0,0.0,4/DH3,
177.0,Jordan Westburg,26.0,BAL,AL,0.2,23.0,98.0,92.0,12.0,20.0,2.0,1.0,4.0,6.0,0.0,1.0,5.0,22.0,0.217,0.265,0.391,0.657,91.0,0.289,93.0,36.0,1.0,1.0,0.0,0.0,0.0,5/4D,
178.0,Kyle Farmer,34.0,COL,NL,-0.2,28.0,97.0,92.0,2.0,23.0,9.0,0.0,0.0,7.0,0.0,0.0,4.0,22.0,0.25,0.278,0.348,0.626,69.0,0.275,59.0,32.0,2.0,0.0,0.0,1.0,0.0,4/65D3H,
179.0,Ryan Jeffers,28.0,MIN,AL,0.6,26.0,97.0,85.0,8.0,23.0,8.0,0.0,2.0,11.0,0.0,0.0,10.0,17.0,0.271,0.361,0.435,0.796,125.0,0.352,125.0,37.0,3.0,2.0,0.0,0.0,0.0,2/DH,
180.0,Josh Smith*,27.0,TEX,AL,1.0,28.0,97.0,85.0,14.0,24.0,4.0,0.0,3.0,7.0,4.0,1.0,11.0,20.0,0.282,0.365,0.435,0.8,134.0,0.374,146.0,37.0,0.0,0.0,1.0,0.0,1.0,6/5347H89D,
181.0,Alec Burleson*,26.0,STL,NL,-0.3,29.0,96.0,90.0,7.0,23.0,3.0,0.0,0.0,6.0,2.0,0.0,6.0,15.0,0.256,0.302,0.289,0.591,68.0,0.268,58.0,26.0,2.0,0.0,0.0,0.0,1.0,D3/H7,
182.0,Josh Jung,27.0,TEX,AL,0.5,25.0,96.0,92.0,7.0,25.0,5.0,1.0,2.0,8.0,2.0,1.0,4.0,20.0,0.272,0.302,0.413,0.715,107.0,0.319,109.0,38.0,3.0,0.0,0.0,0.0,0.0,*5,
183.0,Jake Meyers,29.0,HOU,AL,1.1,31.0,96.0,88.0,12.0,26.0,5.0,1.0,2.0,13.0,7.0,1.0,6.0,21.0,0.295,0.337,0.443,0.78,123.0,0.353,120.0,39.0,2.0,0.0,1.0,1.0,0.0,*8/H,
184.0,Javier Báez,32.0,DET,AL,1.4,27.0,95.0,90.0,10.0,27.0,6.0,0.0,3.0,14.0,1.0,1.0,4.0,23.0,0.3,0.337,0.467,0.804,131.0,0.354,134.0,42.0,1.0,1.0,0.0,0.0,0.0,85/6H,
185.0,Kameron Misner*,27.0,TBR,AL,0.9,29.0,95.0,86.0,14.0,25.0,7.0,1.0,3.0,11.0,2.0,0.0,6.0,21.0,0.291,0.337,0.5,0.837,137.0,0.36,131.0,43.0,1.0,1.0,0.0,2.0,0.0,*98/7H,
186.0,Patrick Bailey#,26.0,SFG,NL,-0.2,30.0,94.0,87.0,7.0,14.0,5.0,1.0,0.0,9.0,0.0,0.0,6.0,32.0,0.161,0.213,0.241,0.454,32.0,0.204,24.0,21.0,1.0,0.0,0.0,1.0,0.0,*2/H,
187.0,Oswaldo Cabrera#,26.0,NYY,AL,0.6,27.0,94.0,85.0,13.0,23.0,2.0,0.0,1.0,8.0,0.0,1.0,7.0,22.0,0.271,0.34,0.329,0.67,95.0,0.328,115.0,28.0,1.0,2.0,0.0,0.0,0.0,*5/H379,
188.0,Dillon Dingler,26.0,DET,AL,0.8,25.0,94.0,93.0,8.0,28.0,4.0,1.0,4.0,15.0,0.0,0.0,0.0,28.0,0.301,0.309,0.495,0.803,129.0,0.356,134.0,46.0,0.0,1.0,0.0,0.0,0.0,*2/H,
189.0,Jonah Heim#,30.0,TEX,AL,0.5,26.0,94.0,88.0,9.0,24.0,2.0,0.0,4.0,10.0,2.0,0.0,6.0,19.0,0.273,0.319,0.432,0.751,118.0,0.345,124.0,38.0,3.0,0.0,0.0,0.0,0.0,2/DH,
190.0,Jackson Holliday*,21.0,BAL,AL,0.0,27.0,93.0,84.0,9.0,21.0,1.0,1.0,2.0,9.0,2.0,2.0,7.0,22.0,0.25,0.323,0.357,0.68,101.0,0.321,116.0,30.0,1.0,2.0,0.0,0.0,0.0,*4/6H,
191.0,Gleyber Torres,28.0,DET,AL,0.8,21.0,93.0,84.0,13.0,25.0,3.0,0.0,4.0,15.0,4.0,0.0,8.0,9.0,0.298,0.355,0.476,0.831,139.0,0.374,139.0,40.0,2.0,0.0,0.0,1.0,0.0,4/D,
192.0,CJ Abrams*,24.0,WSN,NL,1.1,21.0,92.0,83.0,13.0,24.0,4.0,2.0,4.0,11.0,6.0,1.0,4.0,20.0,0.289,0.341,0.53,0.871,145.0,0.384,141.0,44.0,0.0,3.0,1.0,1.0,0.0,6,
193.0,Jo Adell,26.0,LAA,AL,-0.7,26.0,92.0,87.0,5.0,16.0,4.0,0.0,2.0,14.0,1.0,0.0,4.0,24.0,0.184,0.228,0.299,0.527,49.0,0.236,40.0,26.0,1.0,1.0,0.0,0.0,0.0,*8/9H,
194.0,Andrew Benintendi*,30.0,CHW,AL,0.4,23.0,92.0,82.0,12.0,19.0,0.0,0.0,5.0,12.0,0.0,0.0,8.0,16.0,0.232,0.308,0.415,0.722,108.0,0.327,112.0,34.0,1.0,1.0,0.0,0.0,0.0,7/DH,
195.0,Matt Mervis*,27.0,MIA,NL,-0.2,26.0,92.0,82.0,11.0,16.0,2.0,0.0,7.0,14.0,0.0,0.0,7.0,35.0,0.195,0.272,0.476,0.747,100.0,0.337,105.0,39.0,0.0,2.0,0.0,1.0,1.0,3/DH,
196.0,Mickey Moniak*,27.0,COL,NL,-0.5,29.0,92.0,84.0,10.0,16.0,2.0,3.0,3.0,9.0,0.0,2.0,7.0,19.0,0.19,0.261,0.393,0.654,75.0,0.268,62.0,33.0,0.0,1.0,0.0,0.0,1.0,*89/7H,
197.0,Gabriel Moreno,25.0,ARI,NL,-0.3,27.0,92.0,82.0,15.0,20.0,3.0,0.0,0.0,5.0,0.0,0.0,10.0,16.0,0.244,0.326,0.28,0.607,72.0,0.284,72.0,23.0,2.0,0.0,0.0,0.0,0.0,*2/H,
198.0,Kyren Paris,23.0,LAA,AL,0.9,29.0,92.0,82.0,13.0,18.0,3.0,1.0,5.0,10.0,5.0,0.0,6.0,35.0,0.22,0.297,0.463,0.76,113.0,0.364,126.0,38.0,1.0,3.0,0.0,0.0,0.0,4/8H7D,
199.0,Brayan Rocchio#,24.0,CLE,AL,-0.7,31.0,92.0,81.0,7.0,15.0,3.0,0.0,0.0,6.0,1.0,2.0,5.0,18.0,0.185,0.261,0.222,0.483,42.0,0.216,37.0,18.0,3.0,4.0,0.0,2.0,0.0,*6,
200.0,Masyn Winn,23.0,STL,NL,0.7,23.0,92.0,81.0,16.0,22.0,4.0,0.0,3.0,8.0,2.0,2.0,8.0,24.0,0.272,0.348,0.432,0.78,119.0,0.337,116.0,35.0,0.0,2.0,0.0,1.0,0.0,*6,
201.0,Jacob Young,25.0,WSN,NL,0.2,29.0,92.0,76.0,13.0,17.0,3.0,0.0,0.0,2.0,3.0,3.0,10.0,12.0,0.224,0.33,0.263,0.593,72.0,0.274,76.0,20.0,2.0,2.0,4.0,0.0,0.0,*8/HD,
202.0,Jeimer Candelario#,31.0,CIN,NL,-0.9,22.0,91.0,80.0,3.0,9.0,2.0,0.0,2.0,10.0,0.0,1.0,9.0,29.0,0.113,0.198,0.213,0.41,13.0,0.186,3.0,17.0,1.0,0.0,0.0,2.0,0.0,5/3D,
203.0,Joc Pederson*,33.0,TEX,AL,-1.2,28.0,91.0,81.0,3.0,8.0,3.0,1.0,0.0,1.0,0.0,0.0,7.0,20.0,0.099,0.189,0.16,0.349,4.0,0.167,-3.0,13.0,4.0,2.0,0.0,0.0,0.0,*D/H3,
204.0,Tyrone Taylor,31.0,NYM,NL,0.4,26.0,91.0,86.0,11.0,19.0,3.0,2.0,1.0,6.0,2.0,1.0,2.0,21.0,0.221,0.264,0.337,0.601,72.0,0.277,75.0,29.0,1.0,3.0,0.0,0.0,0.0,*8/H79,
205.0,Alek Thomas*,25.0,ARI,NL,0.3,26.0,91.0,84.0,10.0,25.0,6.0,2.0,0.0,13.0,3.0,1.0,4.0,20.0,0.298,0.341,0.417,0.757,111.0,0.333,105.0,35.0,2.0,2.0,0.0,1.0,0.0,*8/HD,
206.0,Gio Urshela,33.0,ATH,AL,-0.6,26.0,91.0,85.0,3.0,19.0,8.0,1.0,0.0,10.0,0.0,0.0,5.0,15.0,0.224,0.267,0.341,0.608,73.0,0.277,73.0,29.0,2.0,0.0,1.0,0.0,0.0,*5,
207.0,Tyler Fitzgerald,27.0,SFG,NL,0.9,25.0,90.0,81.0,14.0,23.0,4.0,1.0,2.0,7.0,5.0,1.0,6.0,20.0,0.284,0.341,0.432,0.773,123.0,0.357,129.0,35.0,0.0,1.0,2.0,0.0,0.0,*4,
208.0,Freddie Freeman*,35.0,LAD,NL,1.0,22.0,90.0,77.0,15.0,26.0,7.0,0.0,6.0,21.0,0.0,1.0,11.0,14.0,0.338,0.422,0.662,1.085,206.0,0.449,201.0,51.0,2.0,1.0,0.0,1.0,1.0,3/H,
209.0,Ryan O'Hearn*,31.0,BAL,AL,0.8,24.0,90.0,80.0,12.0,24.0,3.0,0.0,6.0,13.0,1.0,1.0,9.0,11.0,0.3,0.378,0.563,0.94,174.0,0.403,174.0,45.0,1.0,1.0,0.0,0.0,0.0,D/39H,
210.0,Miguel Andujar,30.0,ATH,AL,0.3,23.0,89.0,83.0,9.0,27.0,2.0,1.0,2.0,11.0,0.0,0.0,5.0,11.0,0.325,0.36,0.446,0.805,130.0,0.36,133.0,37.0,2.0,0.0,0.0,1.0,0.0,7/H35D,
211.0,Cam Smith,22.0,HOU,AL,0.5,24.0,89.0,78.0,9.0,16.0,1.0,1.0,3.0,10.0,1.0,0.0,9.0,26.0,0.205,0.303,0.359,0.662,90.0,0.302,90.0,28.0,1.0,2.0,0.0,0.0,0.0,*9,
212.0,Enmanuel Valdéz*,26.0,PIT,NL,0.2,27.0,89.0,78.0,7.0,17.0,3.0,2.0,2.0,12.0,0.0,0.0,11.0,14.0,0.218,0.315,0.385,0.699,95.0,0.313,92.0,30.0,2.0,0.0,0.0,0.0,0.0,*3/4H9,
213.0,Jose Iglesias,35.0,SDP,NL,0.0,25.0,88.0,79.0,4.0,20.0,4.0,0.0,0.0,10.0,2.0,0.0,3.0,12.0,0.253,0.314,0.304,0.618,76.0,0.305,85.0,24.0,1.0,4.0,2.0,0.0,0.0,4/567,
214.0,Kyle Isbel*,28.0,KCR,AL,0.2,30.0,88.0,83.0,7.0,20.0,2.0,1.0,2.0,11.0,1.0,1.0,1.0,19.0,0.241,0.244,0.361,0.606,70.0,0.25,53.0,30.0,1.0,0.0,2.0,2.0,0.0,*8/H,
215.0,Nolan Jones*,27.0,CLE,AL,-0.7,29.0,88.0,75.0,5.0,12.0,5.0,0.0,1.0,5.0,2.0,1.0,13.0,29.0,0.16,0.284,0.267,0.551,61.0,0.253,57.0,20.0,2.0,0.0,0.0,0.0,1.0,*98/H7,
216.0,Corey Seager*,31.0,TEX,AL,1.3,22.0,88.0,81.0,9.0,23.0,2.0,0.0,4.0,6.0,0.0,0.0,7.0,16.0,0.284,0.341,0.457,0.798,132.0,0.346,129.0,37.0,1.0,0.0,0.0,0.0,1.0,6/D,
217.0,Jake Fraley*,30.0,CIN,NL,0.4,26.0,87.0,74.0,12.0,16.0,3.0,0.0,3.0,9.0,3.0,2.0,13.0,15.0,0.216,0.333,0.378,0.712,96.0,0.329,103.0,28.0,0.0,0.0,0.0,0.0,0.0,*9/H,
218.0,Carlos Narváez,26.0,BOS,AL,0.7,23.0,87.0,81.0,11.0,17.0,4.0,0.0,3.0,8.0,0.0,1.0,6.0,20.0,0.21,0.264,0.37,0.635,78.0,0.275,73.0,30.0,2.0,0.0,0.0,0.0,0.0,2,
219.0,Ernie Clement,29.0,TOR,AL,0.2,31.0,86.0,80.0,6.0,18.0,4.0,0.0,0.0,5.0,1.0,1.0,4.0,12.0,0.225,0.259,0.275,0.534,54.0,0.235,45.0,22.0,3.0,0.0,1.0,1.0,0.0,*5/H46,
220.0,Trent Grisham*,28.0,NYY,AL,1.1,27.0,86.0,77.0,15.0,22.0,1.0,0.0,8.0,15.0,0.0,1.0,8.0,17.0,0.286,0.36,0.61,0.971,173.0,0.419,182.0,47.0,0.0,1.0,0.0,0.0,0.0,*8,
221.0,Nick Allen,26.0,ATL,NL,0.6,25.0,85.0,79.0,7.0,22.0,4.0,0.0,0.0,7.0,5.0,2.0,4.0,21.0,0.278,0.329,0.329,0.659,85.0,0.301,83.0,26.0,1.0,2.0,0.0,0.0,0.0,*6/H,
222.0,Heston Kjerstad*,26.0,BAL,AL,-0.4,29.0,85.0,79.0,10.0,16.0,2.0,0.0,3.0,12.0,1.0,0.0,2.0,25.0,0.203,0.247,0.342,0.589,72.0,0.262,67.0,27.0,3.0,3.0,0.0,1.0,0.0,*7/9HD,
223.0,Bo Naylor*,25.0,CLE,AL,0.4,24.0,85.0,73.0,10.0,14.0,2.0,0.0,5.0,11.0,1.0,1.0,10.0,18.0,0.192,0.286,0.425,0.71,102.0,0.318,107.0,31.0,0.0,0.0,1.0,1.0,0.0,*2/H,
224.0,Taylor Walls#,28.0,TBR,AL,0.7,29.0,85.0,73.0,9.0,11.0,0.0,0.0,1.0,7.0,4.0,0.0,10.0,20.0,0.151,0.247,0.192,0.439,29.0,0.23,32.0,14.0,1.0,0.0,0.0,2.0,0.0,*6/HD,
225.0,Luisangel Acuña,23.0,NYM,NL,0.3,28.0,84.0,76.0,13.0,22.0,6.0,0.0,0.0,4.0,7.0,1.0,7.0,16.0,0.289,0.345,0.368,0.714,106.0,0.331,103.0,28.0,3.0,0.0,0.0,1.0,0.0,*4/H6,
226.0,Pedro Pagés,26.0,STL,NL,0.0,24.0,84.0,81.0,9.0,19.0,6.0,0.0,2.0,13.0,0.0,0.0,2.0,18.0,0.235,0.25,0.383,0.633,76.0,0.284,74.0,31.0,2.0,0.0,0.0,1.0,0.0,*2/4,
227.0,Jorge Polanco#,31.0,SEA,AL,1.4,24.0,84.0,76.0,14.0,30.0,5.0,0.0,9.0,25.0,1.0,1.0,5.0,9.0,0.395,0.434,0.816,1.25,266.0,0.532,275.0,62.0,0.0,1.0,1.0,1.0,0.0,D/5H43,
228.0,Luke Raley*,30.0,SEA,AL,0.2,24.0,84.0,68.0,10.0,14.0,2.0,0.0,2.0,8.0,2.0,1.0,10.0,20.0,0.206,0.345,0.324,0.669,103.0,0.307,107.0,22.0,0.0,5.0,0.0,1.0,0.0,9/3DH8,
229.0,Danny Jansen,30.0,TBR,AL,0.5,24.0,83.0,68.0,5.0,10.0,2.0,0.0,1.0,5.0,0.0,0.0,15.0,20.0,0.147,0.301,0.221,0.522,54.0,0.266,66.0,15.0,3.0,0.0,0.0,0.0,0.0,*2/H,
230.0,Santiago Espinal,30.0,CIN,NL,0.5,25.0,82.0,75.0,8.0,26.0,5.0,0.0,0.0,8.0,0.0,1.0,7.0,6.0,0.347,0.402,0.413,0.816,125.0,0.356,124.0,31.0,2.0,0.0,0.0,0.0,0.0,4/5796H,
231.0,Alan Roden*,25.0,TOR,AL,-0.3,27.0,82.0,72.0,6.0,13.0,3.0,0.0,1.0,5.0,0.0,0.0,5.0,17.0,0.181,0.256,0.264,0.52,51.0,0.236,44.0,19.0,0.0,3.0,0.0,2.0,0.0,*7/9H8,
232.0,Leody Taveras#,26.0,TEX,AL,0.0,29.0,82.0,79.0,7.0,19.0,3.0,1.0,1.0,8.0,6.0,1.0,2.0,23.0,0.241,0.259,0.342,0.601,75.0,0.273,66.0,27.0,0.0,0.0,1.0,0.0,0.0,*8/H,
233.0,Ramón Urías,31.0,BAL,AL,0.6,22.0,82.0,72.0,5.0,21.0,2.0,0.0,2.0,9.0,0.0,0.0,8.0,16.0,0.292,0.354,0.403,0.756,124.0,0.337,124.0,29.0,2.0,0.0,0.0,2.0,0.0,5/DH,
234.0,Sean Murphy,30.0,ATL,NL,0.9,19.0,79.0,69.0,11.0,15.0,2.0,0.0,7.0,14.0,0.0,0.0,7.0,26.0,0.217,0.316,0.551,0.867,137.0,0.382,142.0,38.0,2.0,3.0,0.0,0.0,0.0,2/DH,
235.0,Jose Trevino,32.0,CIN,NL,0.7,26.0,79.0,72.0,15.0,23.0,6.0,0.0,3.0,9.0,0.0,0.0,5.0,9.0,0.319,0.359,0.528,0.887,140.0,0.382,138.0,38.0,2.0,0.0,1.0,1.0,0.0,*2,
236.0,José Caballero,28.0,TBR,AL,0.6,26.0,78.0,69.0,7.0,16.0,4.0,1.0,1.0,11.0,8.0,3.0,9.0,26.0,0.232,0.321,0.362,0.683,97.0,0.323,103.0,25.0,0.0,0.0,0.0,0.0,0.0,569/H7,
237.0,Garrett Mitchell*,26.0,MIL,NL,0.1,25.0,78.0,68.0,9.0,14.0,4.0,1.0,0.0,3.0,3.0,0.0,7.0,25.0,0.206,0.286,0.294,0.58,64.0,0.271,57.0,20.0,0.0,1.0,1.0,1.0,0.0,*8/H,
238.0,Dylan Moore,32.0,SEA,AL,0.9,23.0,78.0,70.0,16.0,20.0,1.0,0.0,6.0,9.0,5.0,4.0,7.0,17.0,0.286,0.346,0.557,0.903,167.0,0.387,172.0,39.0,0.0,0.0,0.0,1.0,0.0,/459H3D6,
239.0,Hunter Renfroe,33.0,KCR,AL,-1.4,23.0,78.0,70.0,1.0,11.0,2.0,0.0,0.0,4.0,0.0,0.0,7.0,16.0,0.157,0.231,0.186,0.416,21.0,0.197,13.0,13.0,3.0,0.0,0.0,1.0,0.0,9/HD,
240.0,Jordan Beck,24.0,COL,NL,0.2,23.0,77.0,68.0,13.0,18.0,3.0,1.0,5.0,11.0,4.0,1.0,8.0,27.0,0.265,0.338,0.559,0.896,139.0,0.42,158.0,38.0,1.0,0.0,0.0,1.0,0.0,7/H,
241.0,Carson Kelly,30.0,CHC,NL,1.7,19.0,76.0,57.0,15.0,21.0,2.0,1.0,7.0,22.0,0.0,0.0,17.0,6.0,0.368,0.513,0.807,1.32,271.0,0.537,257.0,46.0,1.0,1.0,0.0,1.0,0.0,2/H,
242.0,Jesse Winker*,31.0,NYM,NL,0.1,23.0,76.0,67.0,8.0,16.0,5.0,2.0,1.0,9.0,1.0,0.0,8.0,20.0,0.239,0.316,0.418,0.734,110.0,0.318,101.0,28.0,1.0,0.0,0.0,1.0,1.0,D/H7,
243.0,Alex Call,30.0,WSN,NL,0.5,22.0,75.0,58.0,10.0,19.0,3.0,1.0,0.0,12.0,1.0,0.0,13.0,6.0,0.328,0.432,0.414,0.846,144.0,0.396,155.0,24.0,1.0,0.0,1.0,3.0,0.0,9/7H,
244.0,Justyn-Henry Malloy,25.0,DET,AL,0.0,25.0,75.0,57.0,9.0,10.0,3.0,0.0,1.0,8.0,0.0,0.0,15.0,19.0,0.175,0.347,0.281,0.627,86.0,0.295,89.0,16.0,1.0,1.0,0.0,2.0,0.0,D/H97,
245.0,Tyler O'Neill,30.0,BAL,AL,0.4,18.0,74.0,65.0,8.0,14.0,3.0,1.0,2.0,10.0,0.0,0.0,5.0,21.0,0.215,0.284,0.385,0.668,96.0,0.29,89.0,25.0,1.0,2.0,0.0,2.0,0.0,9/7D,
246.0,Liam Hicks*,26.0,MIA,NL,0.0,22.0,73.0,62.0,6.0,15.0,3.0,0.0,1.0,15.0,0.0,0.0,6.0,10.0,0.242,0.324,0.339,0.663,82.0,0.301,79.0,21.0,1.0,2.0,2.0,1.0,0.0,*2/H,
247.0,Jake Mangum#,29.0,TBR,AL,0.8,21.0,73.0,68.0,7.0,23.0,4.0,0.0,0.0,7.0,8.0,0.0,5.0,7.0,0.338,0.384,0.397,0.781,126.0,0.369,121.0,27.0,2.0,0.0,0.0,0.0,0.0,9/87,
248.0,Nick Martini*,35.0,COL,NL,0.1,27.0,73.0,65.0,6.0,15.0,2.0,0.0,0.0,2.0,0.0,0.0,8.0,10.0,0.231,0.315,0.262,0.577,59.0,0.276,59.0,17.0,1.0,0.0,0.0,0.0,1.0,9/HD7,
249.0,Willi Castro#,28.0,MIN,AL,-0.1,18.0,72.0,66.0,7.0,15.0,6.0,0.0,1.0,5.0,1.0,0.0,3.0,15.0,0.227,0.292,0.364,0.655,85.0,0.292,79.0,24.0,0.0,3.0,0.0,0.0,0.0,4/5617,
250.0,Kiké Hernández,33.0,LAD,NL,0.4,24.0,72.0,64.0,8.0,12.0,1.0,0.0,5.0,13.0,0.0,0.0,6.0,20.0,0.188,0.254,0.438,0.691,94.0,0.323,106.0,28.0,2.0,0.0,1.0,1.0,0.0,3/4HD15,
251.0,Griffin Conine*,27.0,MIA,NL,0.3,20.0,71.0,64.0,10.0,18.0,7.0,0.0,1.0,7.0,0.0,1.0,7.0,19.0,0.281,0.352,0.438,0.79,115.0,0.356,123.0,28.0,0.0,0.0,0.0,0.0,0.0,7/9DH,
252.0,Max Muncy,22.0,ATH,AL,-0.6,21.0,71.0,68.0,4.0,12.0,4.0,0.0,1.0,4.0,0.0,0.0,3.0,21.0,0.176,0.211,0.279,0.491,40.0,0.217,29.0,19.0,1.0,0.0,0.0,0.0,0.0,4/56H,
253.0,Luis Urías,28.0,ATH,AL,0.6,22.0,71.0,58.0,8.0,15.0,0.0,0.0,5.0,9.0,0.0,0.0,10.0,8.0,0.259,0.357,0.517,0.874,147.0,0.387,154.0,30.0,4.0,0.0,0.0,2.0,0.0,4/5H,
254.0,Brendan Rodgers,28.0,HOU,AL,-0.1,22.0,70.0,61.0,6.0,14.0,3.0,0.0,0.0,7.0,0.0,1.0,7.0,23.0,0.23,0.314,0.279,0.593,73.0,0.268,72.0,17.0,2.0,1.0,0.0,1.0,0.0,4/DH,
255.0,Tim Tawa,26.0,ARI,NL,0.5,20.0,70.0,59.0,10.0,11.0,2.0,0.0,5.0,10.0,2.0,0.0,9.0,15.0,0.186,0.3,0.475,0.775,113.0,0.353,116.0,28.0,1.0,1.0,0.0,1.0,0.0,4/H,
256.0,Rowdy Tellez*,30.0,SEA,AL,0.1,25.0,70.0,63.0,9.0,13.0,2.0,0.0,4.0,14.0,0.0,0.0,4.0,18.0,0.206,0.271,0.429,0.7,107.0,0.305,105.0,27.0,3.0,2.0,0.0,1.0,0.0,*3/DH,
257.0,Ezequiel Tovar,23.0,COL,NL,0.0,16.0,70.0,66.0,4.0,14.0,4.0,1.0,0.0,4.0,2.0,2.0,3.0,13.0,0.212,0.257,0.303,0.56,52.0,0.254,49.0,20.0,0.0,1.0,0.0,0.0,0.0,6,
258.0,Drew Waters#,26.0,KCR,AL,0.5,20.0,70.0,66.0,7.0,18.0,3.0,2.0,1.0,5.0,1.0,1.0,3.0,19.0,0.273,0.314,0.424,0.739,108.0,0.333,115.0,28.0,0.0,1.0,0.0,0.0,0.0,7/98,
259.0,Miguel Amaya,26.0,CHC,NL,0.6,18.0,69.0,64.0,9.0,17.0,6.0,0.0,2.0,14.0,0.0,0.0,2.0,14.0,0.266,0.294,0.453,0.747,110.0,0.335,113.0,29.0,0.0,1.0,1.0,1.0,0.0,2/DH,
260.0,Nolan Gorman*,25.0,STL,NL,-0.2,19.0,69.0,58.0,9.0,10.0,5.0,0.0,1.0,8.0,0.0,1.0,9.0,20.0,0.172,0.275,0.31,0.586,65.0,0.25,54.0,18.0,0.0,0.0,0.0,2.0,1.0,4/5DH,
261.0,Noelvi Marté,23.0,CIN,NL,0.7,18.0,69.0,64.0,10.0,19.0,4.0,1.0,3.0,17.0,4.0,1.0,5.0,10.0,0.297,0.348,0.531,0.879,138.0,0.398,145.0,34.0,2.0,0.0,0.0,0.0,0.0,5/H,
262.0,Michael A. Taylor,34.0,CHW,AL,-0.1,27.0,69.0,65.0,9.0,13.0,5.0,1.0,1.0,6.0,3.0,0.0,4.0,18.0,0.2,0.246,0.354,0.6,72.0,0.268,62.0,23.0,1.0,0.0,0.0,0.0,0.0,9/7H8D,
263.0,Luis Torrens,29.0,NYM,NL,0.4,23.0,69.0,65.0,3.0,16.0,7.0,0.0,1.0,10.0,0.0,0.0,4.0,16.0,0.246,0.29,0.4,0.69,97.0,0.317,103.0,26.0,1.0,0.0,0.0,0.0,0.0,*2/H,
264.0,Jhonkensy Noel,23.0,CLE,AL,0.0,26.0,68.0,65.0,8.0,11.0,1.0,0.0,2.0,8.0,0.0,0.0,2.0,20.0,0.169,0.191,0.277,0.468,34.0,0.204,22.0,18.0,2.0,0.0,0.0,1.0,0.0,*9/HD,
265.0,Johan Rojas,24.0,PHI,NL,0.3,23.0,68.0,60.0,8.0,18.0,2.0,1.0,1.0,9.0,4.0,1.0,5.0,17.0,0.3,0.343,0.417,0.76,112.0,0.335,105.0,25.0,1.0,0.0,1.0,2.0,0.0,*8/H,
266.0,Matt Shaw,23.0,CHC,NL,0.0,18.0,68.0,58.0,11.0,10.0,1.0,0.0,1.0,3.0,0.0,0.0,10.0,18.0,0.172,0.294,0.241,0.535,55.0,0.253,55.0,14.0,0.0,0.0,0.0,0.0,0.0,5/H,
267.0,Matt Thaiss*,30.0,CHW,AL,0.6,22.0,68.0,52.0,6.0,11.0,4.0,0.0,1.0,7.0,0.0,1.0,14.0,13.0,0.212,0.382,0.346,0.729,114.0,0.341,128.0,18.0,2.0,1.0,0.0,1.0,0.0,2/H3,
268.0,Will Wagner*,26.0,TOR,AL,-0.2,20.0,68.0,59.0,4.0,11.0,2.0,0.0,0.0,2.0,1.0,0.0,8.0,15.0,0.186,0.284,0.22,0.504,48.0,0.27,66.0,13.0,0.0,0.0,1.0,0.0,0.0,5/D3H,
269.0,Elias Díaz,34.0,SDP,NL,0.1,23.0,67.0,58.0,8.0,12.0,1.0,0.0,2.0,5.0,0.0,0.0,8.0,13.0,0.207,0.303,0.328,0.631,78.0,0.29,78.0,19.0,3.0,0.0,1.0,0.0,0.0,*2/H,
270.0,Ángel Martínez#,23.0,CLE,AL,0.1,20.0,67.0,64.0,5.0,20.0,4.0,1.0,0.0,6.0,2.0,0.0,1.0,12.0,0.313,0.318,0.406,0.724,108.0,0.313,96.0,26.0,1.0,0.0,1.0,1.0,0.0,8/49H7,
271.0,Matt Wallner*,27.0,MIN,AL,0.7,18.0,67.0,57.0,7.0,15.0,5.0,2.0,1.0,3.0,0.0,0.0,9.0,19.0,0.263,0.373,0.474,0.847,138.0,0.394,156.0,27.0,0.0,1.0,0.0,0.0,0.0,9/DH,
272.0,Jonah Bride,29.0,2TM,2LG,-0.3,21.0,67.0,60.0,4.0,11.0,0.0,0.0,0.0,5.0,0.0,0.0,6.0,18.0,0.183,0.254,0.183,0.437,24.0,0.213,16.0,11.0,0.0,0.0,0.0,1.0,1.0,/5DH3,
272.0,Jonah Bride,29.0,MIA,NL,-0.5,12.0,45.0,40.0,3.0,4.0,0.0,0.0,0.0,2.0,0.0,0.0,5.0,15.0,0.1,0.2,0.1,0.3,-14.0,0.163,-22.0,4.0,0.0,0.0,0.0,0.0,1.0,/D35H,
272.0,Jonah Bride,29.0,MIN,AL,0.2,9.0,22.0,20.0,1.0,7.0,0.0,0.0,0.0,3.0,0.0,0.0,1.0,3.0,0.35,0.364,0.35,0.714,104.0,0.313,97.0,7.0,0.0,0.0,0.0,1.0,0.0,/5HD,
273.0,Dane Myers,29.0,MIA,NL,0.8,23.0,66.0,61.0,10.0,21.0,2.0,0.0,3.0,11.0,5.0,1.0,5.0,17.0,0.344,0.394,0.525,0.919,149.0,0.423,159.0,32.0,1.0,0.0,0.0,0.0,0.0,*8/H9,
274.0,Graham Pauley*,24.0,MIA,NL,-0.3,19.0,66.0,61.0,4.0,14.0,5.0,0.0,0.0,5.0,0.0,0.0,3.0,16.0,0.23,0.262,0.311,0.573,56.0,0.251,42.0,19.0,1.0,0.0,1.0,1.0,0.0,5/34,
275.0,Blake Dunn,26.0,CIN,NL,0.1,25.0,65.0,51.0,9.0,9.0,2.0,0.0,1.0,7.0,1.0,0.0,7.0,20.0,0.176,0.354,0.275,0.628,76.0,0.311,85.0,14.0,1.0,7.0,0.0,0.0,0.0,*97/8H,
276.0,Jarred Kelenic*,25.0,ATL,NL,-0.5,23.0,65.0,60.0,7.0,10.0,2.0,0.0,2.0,2.0,0.0,1.0,5.0,23.0,0.167,0.231,0.3,0.531,47.0,0.232,40.0,18.0,1.0,0.0,0.0,0.0,0.0,*9/H7,
277.0,Brooks Lee#,24.0,MIN,AL,0.4,19.0,65.0,59.0,4.0,15.0,3.0,0.0,2.0,5.0,0.0,0.0,6.0,6.0,0.254,0.323,0.407,0.73,106.0,0.323,104.0,24.0,1.0,0.0,0.0,0.0,0.0,5/46H,
278.0,Daniel Schneemann*,28.0,CLE,AL,0.6,24.0,65.0,58.0,8.0,16.0,4.0,0.0,4.0,9.0,0.0,1.0,6.0,19.0,0.276,0.344,0.552,0.895,154.0,0.389,163.0,32.0,2.0,0.0,1.0,0.0,0.0,4/85H79,
279.0,Mitch Garver,34.0,SEA,AL,0.3,20.0,64.0,51.0,6.0,12.0,1.0,0.0,1.0,6.0,2.0,0.0,12.0,17.0,0.235,0.391,0.314,0.704,116.0,0.34,125.0,16.0,3.0,1.0,0.0,0.0,0.0,D/2H,
280.0,Starling Marte,36.0,NYM,NL,0.0,21.0,64.0,54.0,7.0,9.0,2.0,0.0,2.0,10.0,2.0,0.0,4.0,12.0,0.167,0.281,0.315,0.596,72.0,0.297,83.0,17.0,0.0,5.0,0.0,1.0,0.0,D/H,
281.0,Javier Sanoja,22.0,MIA,NL,0.3,20.0,64.0,59.0,10.0,18.0,3.0,0.0,1.0,8.0,1.0,2.0,3.0,14.0,0.305,0.333,0.407,0.74,102.0,0.311,95.0,24.0,0.0,0.0,1.0,1.0,0.0,7/4H15683,
282.0,Jason Heyward*,35.0,SDP,NL,-0.2,21.0,62.0,54.0,6.0,11.0,2.0,0.0,1.0,7.0,0.0,1.0,5.0,14.0,0.204,0.262,0.296,0.559,57.0,0.237,45.0,16.0,0.0,0.0,0.0,2.0,0.0,7/H98,
283.0,Miles Mastrobuoni*,29.0,SEA,AL,-0.1,23.0,62.0,52.0,8.0,12.0,1.0,0.0,0.0,3.0,1.0,2.0,8.0,7.0,0.231,0.333,0.25,0.583,80.0,0.264,84.0,13.0,1.0,0.0,2.0,0.0,0.0,5/H497,
284.0,Ben Williamson,24.0,SEA,AL,0.1,15.0,62.0,59.0,11.0,15.0,3.0,0.0,1.0,8.0,0.0,1.0,3.0,13.0,0.254,0.29,0.356,0.646,94.0,0.28,93.0,21.0,1.0,0.0,0.0,0.0,0.0,5/H,
285.0,Freddy Fermin,30.0,KCR,AL,0.5,21.0,61.0,56.0,7.0,15.0,1.0,0.0,1.0,4.0,0.0,0.0,3.0,10.0,0.268,0.317,0.339,0.656,87.0,0.292,82.0,19.0,1.0,1.0,1.0,0.0,0.0,2/HD,
286.0,Kyle Higashioka,35.0,TEX,AL,0.1,17.0,61.0,59.0,3.0,15.0,5.0,0.0,1.0,8.0,0.0,0.0,2.0,10.0,0.254,0.279,0.39,0.669,94.0,0.291,89.0,23.0,1.0,0.0,0.0,0.0,0.0,2/D,
287.0,Nick Maton*,28.0,CHW,AL,0.0,23.0,61.0,52.0,5.0,9.0,2.0,0.0,2.0,4.0,0.0,1.0,9.0,18.0,0.173,0.295,0.327,0.622,81.0,0.277,82.0,17.0,0.0,0.0,0.0,0.0,0.0,D/H347,
288.0,Tim Anderson,32.0,LAA,AL,-0.1,21.0,60.0,56.0,6.0,10.0,1.0,0.0,0.0,3.0,1.0,0.0,2.0,18.0,0.179,0.22,0.196,0.417,21.0,0.193,7.0,11.0,1.0,1.0,1.0,0.0,0.0,6/4H,
289.0,Christian Encarnacion-Strand,25.0,CIN,NL,-0.7,15.0,60.0,57.0,4.0,9.0,2.0,0.0,2.0,5.0,0.0,1.0,1.0,13.0,0.158,0.183,0.298,0.482,30.0,0.2,14.0,17.0,1.0,1.0,0.0,1.0,0.0,3,
290.0,Jacob Amaya,26.0,CHW,AL,-1.0,27.0,59.0,53.0,5.0,5.0,1.0,0.0,0.0,6.0,2.0,0.0,2.0,14.0,0.094,0.121,0.113,0.234,-31.0,0.116,-50.0,6.0,1.0,0.0,1.0,3.0,0.0,*6/H,
291.0,Sean Bouchard,29.0,COL,NL,-0.5,23.0,59.0,53.0,6.0,9.0,0.0,1.0,1.0,6.0,1.0,0.0,6.0,21.0,0.17,0.254,0.264,0.518,41.0,0.259,44.0,14.0,1.0,0.0,0.0,0.0,0.0,9H/D73,
292.0,Amed Rosario,29.0,WSN,NL,0.3,18.0,59.0,58.0,10.0,16.0,4.0,0.0,2.0,7.0,1.0,0.0,1.0,6.0,0.276,0.288,0.448,0.736,107.0,0.337,112.0,26.0,1.0,0.0,0.0,0.0,0.0,5/4H16D,
293.0,Jacob Stallings,35.0,COL,NL,-0.2,17.0,59.0,51.0,4.0,9.0,3.0,0.0,0.0,5.0,0.0,0.0,5.0,22.0,0.176,0.276,0.235,0.511,41.0,0.241,34.0,12.0,1.0,2.0,1.0,0.0,0.0,2/H,
294.0,Drake Baldwin*,24.0,ATL,NL,0.1,17.0,58.0,52.0,4.0,13.0,2.0,0.0,2.0,6.0,0.0,0.0,6.0,11.0,0.25,0.328,0.404,0.731,104.0,0.327,103.0,21.0,1.0,0.0,0.0,0.0,0.0,2/HD,
295.0,Brett Baty*,25.0,NYM,NL,0.2,19.0,58.0,54.0,4.0,11.0,3.0,1.0,1.0,4.0,1.0,0.0,3.0,19.0,0.204,0.246,0.352,0.597,70.0,0.265,62.0,19.0,2.0,0.0,0.0,0.0,0.0,4/5H,
296.0,Jon Berti,35.0,CHC,NL,0.5,21.0,58.0,52.0,10.0,15.0,2.0,0.0,0.0,1.0,7.0,0.0,4.0,12.0,0.288,0.362,0.327,0.689,99.0,0.358,109.0,17.0,0.0,2.0,0.0,0.0,0.0,5/4H9,
297.0,Austin Hays,29.0,CIN,NL,1.0,13.0,58.0,52.0,15.0,19.0,3.0,0.0,5.0,13.0,1.0,0.0,6.0,13.0,0.365,0.431,0.712,1.143,208.0,0.483,209.0,37.0,1.0,0.0,0.0,0.0,1.0,/7DH,
298.0,Ramón Laureano,30.0,BAL,AL,0.5,23.0,58.0,53.0,4.0,10.0,3.0,0.0,3.0,6.0,1.0,0.0,4.0,18.0,0.189,0.241,0.415,0.656,90.0,0.285,83.0,22.0,3.0,0.0,0.0,1.0,0.0,*79/H8D,
299.0,Jesús Sánchez*,27.0,MIA,NL,-0.4,14.0,58.0,50.0,3.0,10.0,2.0,0.0,1.0,4.0,1.0,0.0,8.0,15.0,0.2,0.31,0.3,0.61,69.0,0.288,67.0,15.0,1.0,0.0,0.0,0.0,0.0,8/9DH,
300.0,Justin Turner,40.0,CHC,NL,-0.2,20.0,58.0,48.0,4.0,8.0,0.0,0.0,0.0,6.0,1.0,0.0,7.0,14.0,0.167,0.276,0.167,0.443,30.0,0.241,43.0,8.0,0.0,1.0,0.0,2.0,0.0,3/HD5,
301.0,Cavan Biggio*,30.0,KCR,AL,-0.1,22.0,57.0,47.0,5.0,9.0,0.0,0.0,1.0,3.0,0.0,0.0,8.0,15.0,0.191,0.321,0.255,0.577,67.0,0.277,71.0,12.0,0.0,1.0,1.0,0.0,0.0,/3DH9457,
302.0,Paul DeJong,31.0,WSN,NL,0.0,16.0,57.0,54.0,3.0,11.0,4.0,0.0,0.0,2.0,2.0,0.0,2.0,24.0,0.204,0.246,0.278,0.523,49.0,0.246,44.0,15.0,1.0,1.0,0.0,0.0,0.0,5/6,
303.0,Alex Verdugo*,29.0,ATL,NL,0.3,12.0,57.0,53.0,6.0,16.0,5.0,0.0,0.0,6.0,0.0,0.0,4.0,4.0,0.302,0.351,0.396,0.747,109.0,0.335,108.0,21.0,0.0,0.0,0.0,0.0,0.0,7,
304.0,Zach Neto,24.0,LAA,AL,1.1,14.0,56.0,54.0,8.0,15.0,4.0,0.0,4.0,7.0,5.0,1.0,1.0,16.0,0.278,0.304,0.574,0.878,144.0,0.388,144.0,31.0,2.0,1.0,0.0,0.0,0.0,6,
305.0,Eli White,31.0,ATL,NL,0.7,24.0,56.0,52.0,15.0,16.0,5.0,2.0,2.0,8.0,2.0,0.0,4.0,11.0,0.308,0.357,0.596,0.953,161.0,0.442,178.0,31.0,0.0,0.0,0.0,0.0,0.0,97/HD8,
306.0,Andy Ibáñez,32.0,DET,AL,0.6,22.0,55.0,49.0,7.0,12.0,1.0,0.0,2.0,10.0,2.0,0.0,4.0,3.0,0.245,0.327,0.388,0.715,107.0,0.326,105.0,19.0,1.0,2.0,0.0,0.0,0.0,5H/437,
307.0,Brandon Marsh*,27.0,PHI,NL,-0.7,18.0,55.0,46.0,3.0,6.0,1.0,0.0,1.0,6.0,0.0,1.0,7.0,16.0,0.13,0.241,0.217,0.458,30.0,0.208,24.0,10.0,1.0,0.0,1.0,1.0,0.0,8/7H,
308.0,Myles Straw,30.0,TOR,AL,0.5,25.0,55.0,50.0,8.0,14.0,3.0,0.0,1.0,3.0,2.0,1.0,3.0,11.0,0.28,0.321,0.4,0.721,106.0,0.312,100.0,20.0,0.0,0.0,2.0,0.0,0.0,*8/H7,
309.0,Caleb Durbin,25.0,MIL,NL,-0.1,15.0,54.0,47.0,6.0,11.0,2.0,0.0,1.0,8.0,1.0,1.0,2.0,3.0,0.234,0.315,0.34,0.655,84.0,0.293,83.0,16.0,1.0,4.0,0.0,1.0,0.0,5/4H,
310.0,José Tena*,24.0,WSN,NL,0.1,17.0,54.0,52.0,5.0,12.0,2.0,1.0,0.0,5.0,0.0,1.0,2.0,16.0,0.231,0.259,0.308,0.567,62.0,0.242,54.0,16.0,0.0,0.0,0.0,0.0,0.0,5/H,
311.0,Jared Triolo,27.0,PIT,NL,0.0,21.0,54.0,50.0,1.0,8.0,3.0,0.0,0.0,1.0,2.0,0.0,2.0,6.0,0.16,0.204,0.22,0.424,19.0,0.22,20.0,11.0,1.0,1.0,0.0,1.0,0.0,/346H5,
312.0,Connor Norby,25.0,MIA,NL,0.1,14.0,53.0,50.0,10.0,11.0,3.0,0.0,1.0,3.0,2.0,0.0,1.0,20.0,0.22,0.264,0.34,0.604,64.0,0.28,58.0,17.0,0.0,2.0,0.0,0.0,0.0,5/H,
313.0,Tyler Wade*,30.0,SDP,NL,0.2,17.0,53.0,43.0,4.0,13.0,1.0,1.0,0.0,3.0,0.0,2.0,8.0,14.0,0.302,0.412,0.372,0.784,124.0,0.338,128.0,16.0,0.0,0.0,2.0,0.0,0.0,8/4H,
314.0,MJ Melendez*,26.0,KCR,AL,-0.4,16.0,52.0,47.0,4.0,4.0,1.0,0.0,1.0,1.0,0.0,0.0,3.0,20.0,0.085,0.173,0.17,0.343,-2.0,0.166,-10.0,8.0,0.0,2.0,0.0,0.0,0.0,7/9HD,
315.0,Joshua Palacios*,29.0,CHW,AL,-0.3,21.0,52.0,44.0,5.0,8.0,0.0,0.0,1.0,4.0,0.0,0.0,6.0,15.0,0.182,0.308,0.25,0.558,65.0,0.266,68.0,11.0,0.0,2.0,0.0,0.0,0.0,9/H7D,
316.0,Edgar Quero#,22.0,CHW,AL,0.8,15.0,52.0,43.0,5.0,14.0,3.0,0.0,0.0,7.0,0.0,0.0,7.0,5.0,0.326,0.442,0.395,0.838,147.0,0.401,166.0,17.0,0.0,2.0,0.0,0.0,0.0,2/HD,
317.0,Chandler Simpson*,24.0,TBR,AL,0.1,13.0,52.0,49.0,7.0,14.0,1.0,0.0,0.0,3.0,5.0,1.0,3.0,7.0,0.286,0.327,0.306,0.633,84.0,0.29,74.0,15.0,1.0,0.0,0.0,0.0,0.0,8/H,
318.0,Donovan Solano,37.0,SEA,AL,-0.5,20.0,52.0,50.0,1.0,7.0,1.0,0.0,0.0,1.0,0.0,0.0,1.0,14.0,0.14,0.154,0.16,0.314,-5.0,0.157,-3.0,8.0,1.0,0.0,0.0,1.0,0.0,3/H5,
319.0,Vinny Capra,28.0,MIL,NL,-0.4,22.0,51.0,46.0,6.0,3.0,0.0,0.0,1.0,4.0,0.0,0.0,2.0,14.0,0.065,0.12,0.13,0.25,-30.0,0.156,-20.0,6.0,3.0,1.0,1.0,1.0,0.0,5/H46D,
320.0,Romy González,28.0,BOS,AL,0.4,15.0,51.0,47.0,9.0,15.0,6.0,0.0,0.0,5.0,2.0,1.0,4.0,11.0,0.319,0.373,0.447,0.819,131.0,0.379,145.0,21.0,1.0,0.0,0.0,0.0,0.0,3/H45,
321.0,Nathan Lukes*,30.0,TOR,AL,0.4,20.0,51.0,41.0,8.0,11.0,1.0,0.0,1.0,8.0,0.0,2.0,7.0,8.0,0.268,0.38,0.366,0.746,117.0,0.32,120.0,15.0,1.0,1.0,1.0,1.0,0.0,8/H79,
322.0,Christian Vázquez,34.0,MIN,AL,-0.1,17.0,51.0,45.0,2.0,8.0,4.0,0.0,0.0,2.0,0.0,1.0,5.0,8.0,0.178,0.255,0.267,0.522,48.0,0.245,54.0,12.0,1.0,0.0,0.0,1.0,0.0,2/H,
323.0,Bryan De La Cruz,28.0,ATL,NL,-0.3,16.0,50.0,47.0,1.0,9.0,1.0,0.0,0.0,0.0,1.0,0.0,3.0,18.0,0.191,0.24,0.213,0.453,28.0,0.234,33.0,10.0,1.0,0.0,0.0,0.0,0.0,7/H9D,
324.0,Randal Grichuk,33.0,ARI,NL,-0.3,23.0,50.0,46.0,5.0,10.0,7.0,0.0,0.0,5.0,0.0,0.0,4.0,14.0,0.217,0.28,0.37,0.65,80.0,0.279,67.0,17.0,2.0,0.0,0.0,0.0,1.0,DH/9,
325.0,Curtis Mead,24.0,TBR,AL,-0.2,21.0,50.0,43.0,1.0,8.0,1.0,0.0,0.0,3.0,1.0,0.0,4.0,11.0,0.186,0.28,0.209,0.489,44.0,0.238,42.0,9.0,2.0,2.0,0.0,1.0,0.0,/3H4D5,
326.0,Endy Rodríguez#,25.0,PIT,NL,-0.5,15.0,50.0,45.0,4.0,8.0,3.0,0.0,0.0,2.0,0.0,1.0,5.0,12.0,0.178,0.26,0.244,0.504,42.0,0.227,38.0,11.0,0.0,0.0,0.0,0.0,0.0,3/2H,
327.0,Oscar González,27.0,SDP,NL,-0.3,17.0,49.0,48.0,2.0,12.0,1.0,0.0,0.0,4.0,0.0,1.0,1.0,9.0,0.25,0.265,0.271,0.536,52.0,0.23,43.0,13.0,1.0,0.0,0.0,0.0,0.0,7/9DH,
328.0,Martín Maldonado,38.0,SDP,NL,-0.1,19.0,49.0,48.0,2.0,11.0,1.0,0.0,1.0,2.0,0.0,0.0,1.0,13.0,0.229,0.245,0.313,0.557,56.0,0.247,47.0,15.0,2.0,0.0,0.0,0.0,0.0,2,
329.0,Isaac Collins#,27.0,MIL,NL,0.5,21.0,48.0,43.0,7.0,11.0,4.0,0.0,1.0,2.0,2.0,0.0,4.0,10.0,0.256,0.333,0.419,0.752,110.0,0.362,122.0,18.0,1.0,1.0,0.0,0.0,0.0,7/HD459,
330.0,Derek Hill,29.0,MIA,NL,0.3,11.0,48.0,42.0,7.0,7.0,2.0,0.0,1.0,3.0,3.0,0.0,3.0,17.0,0.167,0.239,0.286,0.525,43.0,0.252,30.0,12.0,0.0,1.0,2.0,0.0,0.0,8/D,
331.0,Miguel Rojas,36.0,LAD,NL,-0.3,18.0,48.0,47.0,2.0,12.0,2.0,0.0,0.0,2.0,0.0,0.0,1.0,7.0,0.255,0.271,0.298,0.569,63.0,0.252,55.0,14.0,2.0,0.0,0.0,0.0,0.0,/4651,
332.0,Lane Thomas,29.0,CLE,AL,-0.4,13.0,48.0,45.0,2.0,7.0,1.0,0.0,0.0,2.0,1.0,0.0,1.0,15.0,0.156,0.188,0.178,0.365,7.0,0.169,-7.0,8.0,3.0,1.0,0.0,1.0,0.0,8/H,
333.0,Jake Bauers*,29.0,MIL,NL,0.1,20.0,47.0,40.0,6.0,9.0,2.0,0.0,2.0,8.0,1.0,0.0,7.0,18.0,0.225,0.34,0.425,0.765,114.0,0.343,111.0,17.0,0.0,0.0,0.0,0.0,0.0,3H/179D,
334.0,Mauricio Dubón,30.0,HOU,AL,-0.1,18.0,47.0,43.0,4.0,9.0,2.0,0.0,0.0,4.0,2.0,0.0,3.0,3.0,0.209,0.261,0.256,0.517,50.0,0.246,42.0,11.0,0.0,0.0,1.0,0.0,0.0,4/7H3589,
335.0,Jake McCarthy*,27.0,ARI,NL,-0.6,14.0,47.0,41.0,2.0,3.0,1.0,0.0,0.0,3.0,1.0,0.0,4.0,6.0,0.073,0.17,0.098,0.268,-23.0,0.146,-30.0,4.0,0.0,1.0,0.0,1.0,0.0,/87HD,
336.0,Victor Caratini#,31.0,HOU,AL,0.2,16.0,46.0,40.0,7.0,10.0,3.0,0.0,1.0,2.0,0.0,0.0,5.0,10.0,0.25,0.348,0.4,0.748,115.0,0.336,117.0,16.0,1.0,1.0,0.0,0.0,0.0,2/H3D,
337.0,Zach Dezenzo,25.0,HOU,AL,0.0,16.0,46.0,43.0,8.0,11.0,3.0,0.0,0.0,4.0,1.0,0.0,3.0,15.0,0.256,0.304,0.326,0.63,82.0,0.285,76.0,14.0,1.0,0.0,0.0,0.0,0.0,/973DH,
338.0,Víctor Robles,28.0,SEA,AL,-0.3,10.0,46.0,44.0,3.0,12.0,3.0,0.0,0.0,3.0,3.0,0.0,0.0,7.0,0.273,0.283,0.341,0.624,87.0,0.284,79.0,15.0,1.0,1.0,0.0,1.0,0.0,9,
339.0,Travis d'Arnaud,36.0,LAA,AL,0.0,14.0,45.0,42.0,2.0,10.0,4.0,0.0,0.0,1.0,0.0,0.0,2.0,12.0,0.238,0.289,0.333,0.622,78.0,0.279,73.0,14.0,1.0,1.0,0.0,0.0,0.0,2/HD,
340.0,Luis Matos,23.0,SFG,NL,-0.3,14.0,45.0,42.0,5.0,7.0,1.0,0.0,2.0,2.0,1.0,0.0,3.0,4.0,0.167,0.222,0.333,0.556,59.0,0.25,53.0,14.0,3.0,0.0,0.0,0.0,0.0,/987DH,
341.0,Chase Meidroth,23.0,CHW,AL,0.5,12.0,45.0,38.0,8.0,11.0,1.0,0.0,0.0,2.0,1.0,0.0,7.0,6.0,0.289,0.4,0.316,0.716,112.0,0.359,132.0,12.0,1.0,0.0,0.0,0.0,0.0,6/4,
342.0,Jack Suwinski*,26.0,PIT,NL,-0.2,16.0,45.0,39.0,4.0,5.0,1.0,0.0,0.0,1.0,3.0,0.0,6.0,19.0,0.128,0.244,0.154,0.398,15.0,0.208,4.0,6.0,1.0,0.0,0.0,0.0,1.0,/789DH,
343.0,Jake Cronenworth*,31.0,SDP,NL,0.1,12.0,44.0,35.0,7.0,9.0,2.0,0.0,2.0,5.0,0.0,0.0,8.0,9.0,0.257,0.409,0.486,0.895,152.0,0.398,155.0,17.0,0.0,1.0,0.0,0.0,0.0,4/H,
344.0,Ryan Kreidler,27.0,DET,AL,-0.2,17.0,44.0,38.0,5.0,4.0,0.0,0.0,0.0,0.0,2.0,0.0,4.0,19.0,0.105,0.19,0.105,0.296,-11.0,0.163,-21.0,4.0,0.0,0.0,2.0,0.0,0.0,8,
345.0,Thomas Saggese,23.0,STL,NL,0.1,14.0,44.0,41.0,4.0,14.0,4.0,0.0,1.0,7.0,0.0,0.0,2.0,11.0,0.341,0.364,0.512,0.876,144.0,0.374,138.0,21.0,1.0,0.0,0.0,1.0,0.0,/645H,
346.0,Adael Amador#,22.0,COL,NL,-0.4,15.0,43.0,39.0,2.0,7.0,3.0,0.0,1.0,3.0,1.0,0.0,2.0,14.0,0.179,0.238,0.333,0.571,53.0,0.26,43.0,13.0,1.0,1.0,1.0,0.0,0.0,4/H,
347.0,David Hamilton*,27.0,BOS,AL,0.0,16.0,43.0,41.0,6.0,7.0,1.0,0.0,1.0,3.0,5.0,0.0,2.0,11.0,0.171,0.209,0.268,0.478,34.0,0.242,24.0,11.0,0.0,0.0,0.0,0.0,0.0,4/6HD,
348.0,Leo Rivas#,27.0,SEA,AL,0.7,15.0,43.0,34.0,9.0,13.0,1.0,0.0,0.0,3.0,3.0,0.0,9.0,6.0,0.382,0.512,0.412,0.923,183.0,0.435,188.0,14.0,1.0,0.0,0.0,0.0,0.0,4/HD,
349.0,Alexander Canario,25.0,PIT,NL,-0.5,15.0,42.0,38.0,5.0,5.0,0.0,0.0,1.0,2.0,0.0,0.0,4.0,10.0,0.132,0.214,0.211,0.425,20.0,0.224,29.0,8.0,1.0,0.0,0.0,0.0,0.0,/798H,
350.0,Edmundo Sosa,29.0,PHI,NL,0.5,15.0,42.0,39.0,5.0,14.0,4.0,0.0,0.0,8.0,0.0,0.0,2.0,9.0,0.359,0.381,0.462,0.842,136.0,0.387,146.0,18.0,0.0,0.0,0.0,1.0,0.0,/46H578D,
351.0,Kris Bryant,33.0,COL,NL,-0.5,11.0,41.0,39.0,2.0,6.0,2.0,0.0,0.0,1.0,0.0,0.0,2.0,13.0,0.154,0.195,0.205,0.4,9.0,0.184,-6.0,8.0,1.0,0.0,0.0,0.0,0.0,D/H,
352.0,Oliver Dunn*,27.0,MIL,NL,-0.3,14.0,41.0,36.0,4.0,6.0,2.0,0.0,0.0,6.0,1.0,0.0,2.0,11.0,0.167,0.205,0.222,0.427,20.0,0.198,2.0,8.0,0.0,0.0,2.0,1.0,0.0,5/3H,
353.0,Jackson Merrill*,22.0,SDP,NL,0.6,10.0,41.0,37.0,7.0,14.0,2.0,0.0,3.0,10.0,1.0,1.0,3.0,7.0,0.378,0.415,0.676,1.09,202.0,0.456,201.0,25.0,1.0,0.0,0.0,1.0,0.0,8,
354.0,Agustín Ramírez,23.0,MIA,NL,0.1,10.0,41.0,39.0,5.0,10.0,5.0,0.0,3.0,5.0,1.0,1.0,2.0,7.0,0.256,0.293,0.615,0.908,141.0,0.371,134.0,24.0,1.0,0.0,0.0,0.0,0.0,/2D,
355.0,Luken Baker,28.0,STL,NL,-0.2,18.0,40.0,33.0,2.0,7.0,2.0,0.0,0.0,2.0,0.0,0.0,7.0,10.0,0.212,0.35,0.273,0.623,79.0,0.297,83.0,9.0,3.0,0.0,0.0,0.0,0.0,D/H3,
356.0,Seth Brown*,32.0,ATH,AL,-0.2,22.0,40.0,33.0,4.0,7.0,2.0,0.0,1.0,2.0,1.0,0.0,5.0,11.0,0.212,0.35,0.364,0.714,106.0,0.331,108.0,12.0,2.0,2.0,0.0,0.0,0.0,H/79D8,
357.0,Yuli Gurriel,41.0,SDP,NL,-0.5,16.0,40.0,36.0,2.0,4.0,1.0,0.0,0.0,3.0,0.0,0.0,4.0,8.0,0.111,0.2,0.139,0.339,-2.0,0.17,-8.0,5.0,0.0,0.0,0.0,0.0,0.0,D/H3,
358.0,Ketel Marte#,31.0,ARI,NL,0.1,10.0,40.0,33.0,6.0,10.0,3.0,0.0,0.0,1.0,0.0,1.0,7.0,5.0,0.303,0.425,0.394,0.819,131.0,0.364,138.0,13.0,1.0,0.0,0.0,0.0,0.0,4/DH,
359.0,Rob Refsnyder,34.0,BOS,AL,0.5,13.0,40.0,37.0,6.0,12.0,3.0,0.0,2.0,5.0,2.0,0.0,2.0,11.0,0.324,0.35,0.568,0.918,155.0,0.423,168.0,21.0,2.0,0.0,0.0,1.0,0.0,/97H,
360.0,Ben Rortvedt*,27.0,TBR,AL,-0.3,15.0,40.0,35.0,2.0,3.0,1.0,0.0,0.0,3.0,0.0,0.0,5.0,6.0,0.086,0.2,0.114,0.314,-6.0,0.163,-9.0,4.0,0.0,0.0,0.0,0.0,0.0,2,
361.0,Ryan Bliss,25.0,SEA,AL,-0.2,11.0,39.0,35.0,1.0,7.0,1.0,0.0,1.0,3.0,2.0,2.0,4.0,11.0,0.2,0.282,0.314,0.596,80.0,0.257,80.0,11.0,2.0,0.0,0.0,0.0,0.0,4,
362.0,Mickey Gasper#,29.0,MIN,AL,-0.1,17.0,39.0,34.0,5.0,6.0,1.0,0.0,0.0,3.0,0.0,0.0,4.0,9.0,0.176,0.282,0.206,0.488,42.0,0.255,54.0,7.0,0.0,1.0,0.0,0.0,0.0,/DH3427,
363.0,José Herrera#,28.0,ARI,NL,-0.2,11.0,39.0,33.0,4.0,4.0,0.0,0.0,1.0,2.0,0.0,0.0,3.0,10.0,0.121,0.194,0.212,0.407,14.0,0.191,-2.0,7.0,0.0,0.0,3.0,0.0,0.0,2,
364.0,Brandon Lockridge,28.0,SDP,NL,0.2,15.0,39.0,34.0,4.0,7.0,2.0,0.0,0.0,2.0,4.0,0.0,3.0,9.0,0.206,0.27,0.265,0.535,52.0,0.269,42.0,9.0,1.0,0.0,2.0,0.0,0.0,/78H,
365.0,Mark Canha,36.0,KCR,AL,0.0,15.0,38.0,33.0,6.0,10.0,2.0,0.0,0.0,2.0,0.0,0.0,3.0,8.0,0.303,0.368,0.364,0.732,110.0,0.327,107.0,12.0,0.0,1.0,0.0,1.0,0.0,/7H3D9,
366.0,Austin Hedges,32.0,CLE,AL,0.3,13.0,38.0,30.0,3.0,4.0,0.0,0.0,2.0,2.0,1.0,0.0,7.0,14.0,0.133,0.297,0.333,0.631,82.0,0.298,85.0,10.0,0.0,0.0,1.0,0.0,0.0,2/1,
367.0,Kevin Pillar,36.0,TEX,AL,0.1,18.0,38.0,38.0,6.0,9.0,2.0,0.0,0.0,1.0,3.0,0.0,0.0,6.0,0.237,0.237,0.289,0.526,54.0,0.244,40.0,11.0,0.0,0.0,0.0,0.0,0.0,/8H97D,
368.0,Addison Barger*,25.0,TOR,AL,-0.1,13.0,37.0,34.0,1.0,5.0,3.0,0.0,0.0,2.0,0.0,0.0,2.0,7.0,0.147,0.216,0.235,0.452,30.0,0.208,24.0,8.0,0.0,1.0,0.0,0.0,0.0,9/5H,
369.0,Zac Veen*,23.0,COL,NL,-0.2,12.0,37.0,34.0,1.0,4.0,1.0,0.0,1.0,2.0,1.0,1.0,2.0,14.0,0.118,0.189,0.235,0.424,15.0,0.184,0.0,8.0,0.0,1.0,0.0,0.0,0.0,/79H,
370.0,Nick Kurtz*,22.0,ATH,AL,-0.3,10.0,36.0,32.0,0.0,8.0,0.0,0.0,0.0,5.0,0.0,1.0,2.0,16.0,0.25,0.278,0.25,0.528,53.0,0.225,45.0,8.0,2.0,0.0,0.0,2.0,0.0,3,
371.0,José Miranda,27.0,MIN,AL,-0.3,12.0,36.0,36.0,2.0,6.0,0.0,0.0,1.0,5.0,0.0,0.0,0.0,13.0,0.167,0.167,0.25,0.417,16.0,0.18,-1.0,9.0,0.0,0.0,0.0,0.0,0.0,5/H,
372.0,Oswald Peraza,25.0,NYY,AL,0.2,14.0,36.0,34.0,7.0,7.0,2.0,0.0,1.0,5.0,0.0,0.0,2.0,10.0,0.206,0.25,0.353,0.603,72.0,0.261,62.0,12.0,0.0,0.0,0.0,0.0,0.0,5/4H6,
373.0,Austin Wynns,34.0,CIN,NL,0.6,12.0,36.0,33.0,6.0,13.0,1.0,0.0,3.0,11.0,0.0,0.0,3.0,11.0,0.394,0.444,0.697,1.141,208.0,0.485,211.0,23.0,1.0,0.0,0.0,0.0,0.0,2,
374.0,Garrett Hampson,30.0,ARI,NL,0.1,15.0,35.0,27.0,8.0,5.0,0.0,0.0,0.0,0.0,2.0,1.0,7.0,9.0,0.185,0.353,0.185,0.538,56.0,0.269,61.0,5.0,0.0,0.0,1.0,0.0,0.0,4/H65,
375.0,Jace Jung*,24.0,DET,AL,-0.2,11.0,35.0,28.0,5.0,3.0,0.0,0.0,0.0,2.0,0.0,0.0,7.0,10.0,0.107,0.286,0.107,0.393,21.0,0.215,31.0,3.0,1.0,0.0,0.0,0.0,0.0,5/H,
376.0,Gary Sánchez,32.0,BAL,AL,-0.4,12.0,35.0,30.0,1.0,3.0,0.0,0.0,0.0,4.0,0.0,0.0,1.0,12.0,0.1,0.2,0.1,0.3,-7.0,0.159,-6.0,3.0,0.0,3.0,0.0,1.0,0.0,2/1DH,
377.0,Dustin Harris*,25.0,TEX,AL,0.4,15.0,34.0,31.0,4.0,7.0,2.0,0.0,1.0,1.0,1.0,1.0,3.0,10.0,0.226,0.294,0.387,0.681,98.0,0.295,97.0,12.0,0.0,0.0,0.0,0.0,0.0,/78H9,
378.0,Tyler Heineman#,34.0,TOR,AL,0.8,12.0,34.0,32.0,6.0,13.0,3.0,0.0,1.0,6.0,1.0,0.0,1.0,7.0,0.406,0.412,0.594,1.006,186.0,0.427,178.0,19.0,0.0,0.0,0.0,1.0,0.0,2/H,
379.0,Sam Huff,27.0,SFG,NL,0.0,12.0,34.0,30.0,2.0,7.0,1.0,0.0,1.0,3.0,0.0,0.0,3.0,12.0,0.233,0.294,0.367,0.661,91.0,0.293,88.0,11.0,1.0,0.0,0.0,1.0,0.0,2,
380.0,Connor Wong,29.0,BOS,AL,-0.1,11.0,34.0,30.0,2.0,4.0,0.0,0.0,0.0,0.0,1.0,0.0,3.0,9.0,0.133,0.235,0.133,0.369,8.0,0.222,25.0,4.0,2.0,1.0,0.0,0.0,0.0,2/HD,
381.0,Austin Barnes,35.0,LAD,NL,-0.1,10.0,33.0,32.0,4.0,8.0,2.0,0.0,0.0,2.0,0.0,0.0,1.0,8.0,0.25,0.273,0.313,0.585,68.0,0.26,61.0,10.0,1.0,0.0,0.0,0.0,0.0,/23DH,
382.0,Christian Koss,27.0,SFG,NL,0.1,14.0,33.0,29.0,4.0,6.0,0.0,0.0,0.0,1.0,0.0,0.0,2.0,8.0,0.207,0.281,0.207,0.488,45.0,0.288,84.0,6.0,0.0,1.0,1.0,0.0,0.0,/4H516,
383.0,Nasim Nuñez#,24.0,WSN,NL,0.1,12.0,33.0,29.0,2.0,5.0,1.0,0.0,0.0,3.0,3.0,0.0,3.0,7.0,0.172,0.25,0.207,0.457,33.0,0.242,29.0,6.0,1.0,0.0,1.0,0.0,0.0,6/4H,
384.0,Chas McCormick,30.0,HOU,AL,0.1,22.0,32.0,25.0,4.0,7.0,1.0,0.0,0.0,0.0,1.0,1.0,4.0,10.0,0.28,0.379,0.32,0.699,105.0,0.313,107.0,8.0,1.0,0.0,3.0,0.0,0.0,9/87HD,
385.0,Kevin Newman,31.0,LAA,AL,-0.4,13.0,32.0,31.0,3.0,5.0,0.0,0.0,0.0,1.0,0.0,0.0,0.0,7.0,0.161,0.161,0.161,0.323,-7.0,0.142,-31.0,5.0,1.0,0.0,1.0,0.0,0.0,/65H4,
386.0,Yohel Pozo,28.0,STL,NL,0.4,9.0,32.0,31.0,4.0,10.0,3.0,0.0,1.0,2.0,0.0,0.0,1.0,1.0,0.323,0.344,0.516,0.86,139.0,0.374,138.0,16.0,1.0,0.0,0.0,0.0,0.0,/2DH,
387.0,Max Schuemann,28.0,ATH,AL,0.1,19.0,32.0,30.0,4.0,7.0,0.0,2.0,0.0,0.0,1.0,1.0,2.0,5.0,0.233,0.281,0.367,0.648,84.0,0.276,78.0,11.0,2.0,0.0,0.0,0.0,0.0,5/H46879,
388.0,Orlando Arcia,30.0,ATL,NL,-0.1,10.0,31.0,30.0,1.0,6.0,1.0,0.0,0.0,1.0,0.0,0.0,1.0,8.0,0.2,0.226,0.233,0.459,29.0,0.239,40.0,7.0,0.0,0.0,0.0,0.0,0.0,6,
389.0,J.C. Escarra*,30.0,NYY,AL,0.0,10.0,30.0,26.0,2.0,5.0,2.0,0.0,1.0,3.0,0.0,0.0,3.0,6.0,0.192,0.3,0.385,0.685,96.0,0.306,95.0,10.0,0.0,1.0,0.0,0.0,0.0,/2H3D,
390.0,DaShawn Keirsey Jr.*,28.0,MIN,AL,-0.7,25.0,29.0,29.0,1.0,2.0,0.0,0.0,0.0,0.0,4.0,2.0,0.0,8.0,0.069,0.069,0.069,0.138,-61.0,0.094,-62.0,2.0,0.0,0.0,0.0,0.0,0.0,H9/7D8,
391.0,Hayden Senger,28.0,NYM,NL,0.2,13.0,29.0,28.0,3.0,5.0,1.0,0.0,0.0,0.0,0.0,0.0,1.0,9.0,0.179,0.207,0.214,0.421,22.0,0.19,12.0,6.0,0.0,0.0,0.0,0.0,0.0,2,
392.0,Francisco Alvarez,23.0,NYM,NL,0.2,6.0,28.0,26.0,1.0,7.0,1.0,0.0,1.0,6.0,0.0,0.0,2.0,9.0,0.269,0.321,0.423,0.745,113.0,0.33,112.0,11.0,0.0,0.0,0.0,0.0,0.0,/2,
393.0,Jorge Mateo,30.0,BAL,AL,-0.5,16.0,28.0,28.0,1.0,4.0,2.0,0.0,0.0,0.0,5.0,1.0,0.0,10.0,0.143,0.143,0.214,0.357,4.0,0.182,-8.0,6.0,1.0,0.0,0.0,0.0,0.0,/64HD18,
394.0,Henry Davis,25.0,PIT,NL,0.2,9.0,27.0,25.0,4.0,4.0,0.0,0.0,1.0,2.0,0.0,0.0,1.0,3.0,0.16,0.222,0.28,0.502,40.0,0.297,81.0,7.0,0.0,1.0,0.0,0.0,0.0,/2H,
395.0,Yoán Moncada#,30.0,LAA,AL,0.0,8.0,27.0,21.0,3.0,4.0,2.0,0.0,0.0,4.0,0.0,0.0,6.0,8.0,0.19,0.37,0.286,0.656,91.0,0.306,93.0,6.0,0.0,0.0,0.0,0.0,0.0,/5H,
396.0,Luke Keaschall,22.0,MIN,AL,0.4,7.0,26.0,19.0,4.0,7.0,3.0,0.0,0.0,2.0,5.0,0.0,5.0,2.0,0.368,0.538,0.526,1.065,204.0,0.521,213.0,10.0,0.0,2.0,0.0,0.0,0.0,/D4,
397.0,Jonny DeLuca,26.0,TBR,AL,0.4,9.0,25.0,23.0,4.0,10.0,0.0,1.0,0.0,1.0,4.0,0.0,2.0,4.0,0.435,0.48,0.522,1.002,189.0,0.468,185.0,12.0,0.0,0.0,0.0,0.0,0.0,/8DH,
398.0,Jeff McNeil*,33.0,NYM,NL,0.1,6.0,25.0,22.0,1.0,7.0,0.0,1.0,1.0,4.0,0.0,0.0,2.0,2.0,0.318,0.36,0.545,0.905,157.0,0.366,139.0,12.0,0.0,0.0,0.0,1.0,1.0,/4879,
399.0,Travis Jankowski*,34.0,2TM,AL,-0.3,13.0,25.0,24.0,2.0,5.0,1.0,0.0,0.0,0.0,0.0,0.0,1.0,6.0,0.208,0.24,0.25,0.49,42.0,0.218,32.0,6.0,0.0,0.0,0.0,0.0,0.0,/9H78,
399.0,Travis Jankowski*,34.0,CHW,AL,-0.2,7.0,15.0,14.0,1.0,3.0,0.0,0.0,0.0,0.0,0.0,0.0,1.0,3.0,0.214,0.267,0.214,0.481,42.0,0.219,34.0,3.0,0.0,0.0,0.0,0.0,0.0,/9H8,
399.0,Travis Jankowski*,34.0,TBR,AL,-0.1,6.0,10.0,10.0,1.0,2.0,1.0,0.0,0.0,0.0,0.0,0.0,0.0,3.0,0.2,0.2,0.3,0.5,42.0,0.216,30.0,3.0,0.0,0.0,0.0,0.0,0.0,/79H,
400.0,Eric Haase,32.0,MIL,NL,0.2,12.0,24.0,21.0,5.0,6.0,1.0,0.0,1.0,3.0,0.0,0.0,2.0,8.0,0.286,0.348,0.476,0.824,129.0,0.358,127.0,10.0,0.0,0.0,1.0,0.0,0.0,2,
401.0,Iván Herrera,25.0,STL,NL,0.5,7.0,24.0,21.0,6.0,8.0,2.0,0.0,4.0,11.0,0.0,0.0,3.0,5.0,0.381,0.458,1.048,1.506,310.0,0.609,305.0,22.0,3.0,0.0,0.0,0.0,0.0,/2H,
402.0,Rafael Marchán#,26.0,PHI,NL,-0.1,7.0,24.0,20.0,1.0,2.0,0.0,0.0,0.0,2.0,0.0,0.0,4.0,3.0,0.1,0.25,0.1,0.35,3.0,0.193,8.0,2.0,1.0,0.0,0.0,0.0,0.0,/2,
403.0,Casey Schmitt,26.0,SFG,NL,0.1,8.0,24.0,23.0,1.0,4.0,2.0,0.0,0.0,2.0,0.0,0.0,0.0,9.0,0.174,0.208,0.261,0.469,36.0,0.249,57.0,6.0,0.0,1.0,0.0,0.0,0.0,/3H4D,
404.0,Jose Siri,29.0,NYM,NL,-0.2,10.0,24.0,20.0,5.0,1.0,1.0,0.0,0.0,1.0,2.0,0.0,4.0,8.0,0.05,0.208,0.1,0.308,-7.0,0.19,-2.0,2.0,0.0,0.0,0.0,0.0,0.0,/8H,
405.0,Riley Adams,29.0,WSN,NL,-0.1,8.0,22.0,22.0,2.0,4.0,1.0,0.0,1.0,5.0,0.0,0.0,0.0,11.0,0.182,0.182,0.364,0.545,51.0,0.233,40.0,8.0,1.0,0.0,0.0,0.0,0.0,/2H,
406.0,Nick Fortes,28.0,MIA,NL,0.3,7.0,22.0,20.0,1.0,6.0,2.0,1.0,0.0,3.0,0.0,0.0,0.0,5.0,0.3,0.333,0.5,0.833,125.0,0.36,123.0,10.0,1.0,1.0,1.0,0.0,0.0,/2,
407.0,Tomás Nido,31.0,DET,AL,0.0,6.0,22.0,20.0,2.0,7.0,0.0,0.0,0.0,2.0,0.0,0.0,0.0,6.0,0.35,0.381,0.35,0.731,115.0,0.334,119.0,7.0,1.0,1.0,1.0,0.0,0.0,/2,
408.0,Jhonny Pereda,29.0,ATH,AL,0.1,8.0,22.0,20.0,0.0,4.0,1.0,0.0,0.0,1.0,0.0,0.0,2.0,7.0,0.2,0.273,0.25,0.523,52.0,0.238,45.0,5.0,0.0,0.0,0.0,0.0,0.0,/21H,
409.0,Jake Rogers,30.0,DET,AL,0.4,6.0,22.0,18.0,3.0,4.0,0.0,1.0,0.0,0.0,0.0,0.0,4.0,5.0,0.222,0.364,0.333,0.697,105.0,0.321,108.0,6.0,0.0,0.0,0.0,0.0,0.0,/2,
410.0,Bobby Dalbec,30.0,CHW,AL,0.1,7.0,21.0,18.0,2.0,4.0,1.0,0.0,0.0,1.0,0.0,0.0,3.0,6.0,0.222,0.333,0.278,0.611,81.0,0.282,80.0,5.0,1.0,0.0,0.0,0.0,0.0,/36H5,
411.0,Davis Schneider,26.0,TOR,AL,0.1,10.0,21.0,15.0,2.0,1.0,0.0,0.0,0.0,1.0,0.0,0.0,5.0,8.0,0.067,0.333,0.067,0.4,25.0,0.284,79.0,1.0,1.0,1.0,0.0,0.0,0.0,/7H4,
412.0,Aaron Schunk,27.0,COL,NL,0.0,7.0,21.0,20.0,1.0,5.0,1.0,0.0,0.0,0.0,0.0,0.0,0.0,5.0,0.25,0.25,0.3,0.55,49.0,0.245,34.0,6.0,1.0,0.0,1.0,0.0,0.0,/6H,
413.0,Stuart Fairchild,29.0,ATL,NL,-0.4,11.0,20.0,20.0,2.0,1.0,0.0,1.0,0.0,0.0,1.0,0.0,0.0,7.0,0.05,0.05,0.15,0.2,-47.0,0.138,-41.0,3.0,1.0,0.0,0.0,0.0,0.0,/9HD,
414.0,Manuel Margot,30.0,DET,AL,0.0,6.0,20.0,19.0,1.0,6.0,0.0,0.0,0.0,3.0,0.0,0.0,0.0,6.0,0.316,0.3,0.316,0.616,80.0,0.265,67.0,6.0,0.0,0.0,0.0,1.0,0.0,/9H,
415.0,Austin Slater,32.0,CHW,AL,0.0,8.0,20.0,20.0,2.0,5.0,2.0,0.0,1.0,1.0,0.0,0.0,0.0,5.0,0.25,0.25,0.5,0.75,111.0,0.32,107.0,10.0,0.0,0.0,0.0,0.0,0.0,/9HD,
416.0,Chris Taylor,34.0,LAD,NL,-0.1,20.0,20.0,20.0,3.0,4.0,0.0,0.0,0.0,1.0,0.0,1.0,0.0,8.0,0.2,0.2,0.2,0.4,15.0,0.151,2.0,4.0,1.0,0.0,0.0,0.0,0.0,7/H84,
417.0,Alan Trejo,29.0,COL,NL,-0.3,6.0,20.0,19.0,2.0,4.0,2.0,0.0,0.0,0.0,0.0,0.0,0.0,5.0,0.211,0.211,0.316,0.526,41.0,0.228,22.0,6.0,2.0,0.0,1.0,0.0,0.0,/6,
418.0,Pablo Reyes,31.0,NYY,AL,-0.1,12.0,19.0,17.0,2.0,3.0,0.0,0.0,0.0,1.0,1.0,0.0,2.0,6.0,0.176,0.263,0.176,0.44,30.0,0.228,29.0,3.0,0.0,0.0,0.0,0.0,0.0,/H945D,
419.0,Ronny Simón#,25.0,MIA,NL,-0.1,6.0,19.0,16.0,3.0,4.0,2.0,0.0,0.0,2.0,0.0,0.0,3.0,2.0,0.25,0.368,0.375,0.743,105.0,0.339,106.0,6.0,0.0,0.0,0.0,0.0,0.0,/7D,
420.0,Will Wilson,26.0,CLE,AL,-0.1,8.0,19.0,16.0,1.0,3.0,0.0,0.0,0.0,0.0,0.0,0.0,2.0,6.0,0.188,0.316,0.188,0.503,51.0,0.247,53.0,3.0,0.0,1.0,0.0,0.0,0.0,/54H1,
421.0,Kody Clemens*,29.0,2TM,2LG,0.0,12.0,19.0,18.0,2.0,2.0,1.0,0.0,1.0,2.0,0.0,0.0,1.0,3.0,0.111,0.158,0.333,0.491,34.0,0.213,22.0,6.0,0.0,0.0,0.0,0.0,0.0,/H4739D,
421.0,Kody Clemens*,29.0,PHI,NL,-0.1,7.0,7.0,6.0,0.0,0.0,0.0,0.0,0.0,0.0,0.0,0.0,1.0,0.0,0.0,0.143,0.0,0.143,-55.0,0.1,-58.0,0.0,0.0,0.0,0.0,0.0,0.0,/H47D,
421.0,Kody Clemens*,29.0,MIN,AL,0.1,5.0,12.0,12.0,2.0,2.0,1.0,0.0,1.0,2.0,0.0,0.0,0.0,3.0,0.167,0.167,0.5,0.667,80.0,0.278,71.0,6.0,0.0,0.0,0.0,0.0,0.0,/4H379,
422.0,Colton Cowser*,25.0,BAL,AL,0.0,4.0,18.0,16.0,2.0,2.0,0.0,0.0,1.0,1.0,0.0,0.0,1.0,6.0,0.125,0.222,0.313,0.535,56.0,0.244,56.0,5.0,0.0,1.0,0.0,0.0,0.0,/7,
423.0,Blake Sabol*,27.0,BOS,AL,-0.2,8.0,18.0,16.0,2.0,2.0,1.0,0.0,0.0,1.0,0.0,0.0,1.0,7.0,0.125,0.167,0.188,0.354,0.0,0.158,-16.0,3.0,1.0,0.0,0.0,1.0,0.0,/2DH,
424.0,Korey Lee,26.0,CHW,AL,0.2,9.0,17.0,15.0,3.0,5.0,2.0,0.0,0.0,1.0,0.0,0.0,2.0,3.0,0.333,0.412,0.467,0.878,155.0,0.383,153.0,7.0,0.0,0.0,0.0,0.0,0.0,/2HD,
425.0,Michael Siani*,25.0,STL,NL,-0.3,18.0,17.0,16.0,4.0,4.0,0.0,0.0,0.0,0.0,0.0,0.0,1.0,6.0,0.25,0.294,0.25,0.544,56.0,0.255,53.0,4.0,0.0,0.0,0.0,0.0,0.0,8/H,
426.0,Daulton Varsho*,28.0,TOR,AL,0.3,5.0,17.0,14.0,3.0,3.0,0.0,0.0,2.0,3.0,1.0,0.0,3.0,7.0,0.214,0.353,0.643,0.996,179.0,0.418,170.0,9.0,0.0,0.0,0.0,0.0,1.0,/8H,
427.0,Gage Workman*,25.0,2TM,2LG,-0.3,12.0,17.0,16.0,0.0,3.0,1.0,0.0,0.0,2.0,1.0,0.0,1.0,7.0,0.188,0.235,0.25,0.485,39.0,0.231,30.0,4.0,0.0,0.0,0.0,0.0,0.0,/56HD,
427.0,Gage Workman*,25.0,CHC,NL,-0.2,9.0,15.0,14.0,0.0,3.0,1.0,0.0,0.0,2.0,1.0,0.0,1.0,6.0,0.214,0.267,0.286,0.552,58.0,0.262,50.0,4.0,0.0,0.0,0.0,0.0,0.0,/56DH,
427.0,Gage Workman*,25.0,CHW,AL,-0.1,3.0,2.0,2.0,0.0,0.0,0.0,0.0,0.0,0.0,0.0,0.0,0.0,1.0,0.0,0.0,0.0,0.0,-100.0,0.0,-123.0,0.0,0.0,0.0,0.0,0.0,0.0,/56H,
428.0,Jorge Barrosa#,24.0,ARI,NL,-0.1,5.0,16.0,15.0,1.0,3.0,2.0,0.0,0.0,4.0,0.0,0.0,0.0,5.0,0.2,0.188,0.333,0.521,42.0,0.214,22.0,5.0,0.0,0.0,0.0,1.0,0.0,/87DH,
429.0,Tyler Freeman,26.0,COL,NL,-0.4,7.0,16.0,11.0,4.0,1.0,0.0,0.0,0.0,1.0,1.0,0.0,2.0,3.0,0.091,0.313,0.091,0.403,17.0,0.251,32.0,1.0,1.0,2.0,0.0,1.0,0.0,/4HD,
430.0,Tirso Ornelas*,25.0,SDP,NL,-0.3,7.0,16.0,14.0,0.0,1.0,0.0,0.0,0.0,1.0,0.0,0.0,2.0,2.0,0.071,0.188,0.071,0.259,-23.0,0.144,-26.0,1.0,1.0,0.0,0.0,0.0,0.0,/7H8D,
431.0,Jurickson Profar#,32.0,ATL,NL,-0.3,4.0,16.0,15.0,2.0,3.0,0.0,0.0,0.0,0.0,0.0,0.0,1.0,3.0,0.2,0.25,0.2,0.45,28.0,0.214,22.0,3.0,0.0,0.0,0.0,0.0,0.0,/7,
432.0,Ezequiel Durán,26.0,TEX,AL,-0.3,7.0,15.0,14.0,0.0,0.0,0.0,0.0,0.0,1.0,0.0,0.0,0.0,4.0,0.0,0.0,0.0,0.0,-100.0,0.0,-124.0,0.0,0.0,0.0,0.0,1.0,0.0,/51346H,
433.0,Dylan Carlson#,26.0,BAL,AL,-0.1,9.0,14.0,12.0,1.0,0.0,0.0,0.0,0.0,2.0,0.0,0.0,1.0,6.0,0.0,0.071,0.0,0.071,-76.0,0.049,-86.0,0.0,0.0,0.0,0.0,1.0,0.0,/7H89,
434.0,Nicky Lopez*,30.0,2TM,2LG,-0.2,9.0,14.0,13.0,1.0,0.0,0.0,0.0,0.0,0.0,0.0,0.0,1.0,3.0,0.0,0.071,0.0,0.071,-77.0,0.05,-92.0,0.0,1.0,0.0,0.0,0.0,0.0,/56H147D,
434.0,Nicky Lopez*,30.0,LAA,AL,-0.1,4.0,6.0,6.0,0.0,0.0,0.0,0.0,0.0,0.0,0.0,0.0,0.0,1.0,0.0,0.0,0.0,0.0,-100.0,0.0,-131.0,0.0,0.0,0.0,0.0,0.0,0.0,/5167,
434.0,Nicky Lopez*,30.0,CHC,NL,-0.1,5.0,8.0,7.0,1.0,0.0,0.0,0.0,0.0,0.0,0.0,0.0,1.0,2.0,0.0,0.125,0.0,0.125,-60.0,0.088,-64.0,0.0,1.0,0.0,0.0,0.0,0.0,/5H46D,
435.0,José Azócar,29.0,NYM,NL,0.1,5.0,13.0,13.0,3.0,5.0,0.0,0.0,0.0,1.0,0.0,0.0,0.0,0.0,0.385,0.385,0.385,0.769,123.0,0.342,120.0,5.0,0.0,0.0,0.0,0.0,0.0,/78H9,
436.0,Matt Gorski,27.0,PIT,NL,-0.2,5.0,13.0,13.0,1.0,2.0,0.0,0.0,1.0,1.0,0.0,0.0,0.0,4.0,0.154,0.154,0.385,0.538,45.0,0.227,32.0,5.0,1.0,0.0,0.0,0.0,0.0,/3H7,
437.0,Mike Tauchman*,34.0,CHW,AL,0.2,3.0,12.0,10.0,1.0,4.0,0.0,0.0,0.0,0.0,0.0,0.0,2.0,2.0,0.4,0.5,0.4,0.9,166.0,0.415,176.0,4.0,0.0,0.0,0.0,0.0,0.0,/9,
438.0,David Villar,28.0,SFG,NL,0.0,3.0,11.0,9.0,3.0,2.0,1.0,0.0,0.0,0.0,0.0,0.0,2.0,1.0,0.222,0.364,0.333,0.697,105.0,0.325,110.0,3.0,1.0,0.0,0.0,0.0,0.0,/35,
439.0,Nick Ahmed,35.0,TEX,AL,0.1,5.0,10.0,9.0,1.0,0.0,0.0,0.0,0.0,0.0,1.0,0.0,1.0,3.0,0.0,0.1,0.0,0.1,-67.0,0.185,-6.0,0.0,1.0,0.0,0.0,0.0,0.0,/6,
440.0,Jacob Hurtubise*,27.0,CIN,NL,0.0,9.0,10.0,7.0,2.0,1.0,0.0,0.0,0.0,0.0,0.0,0.0,1.0,4.0,0.143,0.4,0.143,0.543,58.0,0.307,84.0,1.0,0.0,2.0,0.0,0.0,0.0,/H79,
441.0,Connor Joe,32.0,SDP,NL,-0.2,7.0,10.0,9.0,0.0,0.0,0.0,0.0,0.0,0.0,0.0,0.0,1.0,6.0,0.0,0.1,0.0,0.1,-69.0,0.07,-79.0,0.0,0.0,0.0,0.0,0.0,0.0,/H378D,
442.0,Coco Montes,28.0,TBR,AL,0.1,5.0,10.0,10.0,0.0,2.0,0.0,0.0,0.0,1.0,0.0,0.0,0.0,3.0,0.2,0.2,0.2,0.4,16.0,0.18,4.0,2.0,0.0,0.0,0.0,0.0,0.0,/457,
443.0,Omar Narváez*,33.0,CHW,AL,0.1,4.0,10.0,7.0,1.0,2.0,0.0,0.0,0.0,3.0,0.0,0.0,2.0,1.0,0.286,0.4,0.286,0.686,104.0,0.308,98.0,2.0,0.0,0.0,0.0,1.0,0.0,/2,
444.0,Gustavo Campero#,27.0,LAA,AL,0.1,3.0,9.0,8.0,1.0,2.0,0.0,0.0,0.0,0.0,1.0,0.0,1.0,2.0,0.25,0.333,0.25,0.583,70.0,0.294,64.0,2.0,0.0,0.0,0.0,0.0,0.0,/79H,
445.0,J.D. Davis,32.0,LAA,AL,-0.2,5.0,9.0,9.0,0.0,1.0,0.0,0.0,0.0,0.0,0.0,0.0,0.0,3.0,0.111,0.111,0.111,0.222,-36.0,0.1,-57.0,1.0,0.0,0.0,0.0,0.0,0.0,/3H5,
446.0,Emmanuel Rivera,29.0,BAL,AL,0.0,3.0,9.0,8.0,1.0,2.0,0.0,0.0,0.0,1.0,0.0,0.0,1.0,2.0,0.25,0.333,0.25,0.583,76.0,0.277,80.0,2.0,0.0,0.0,0.0,0.0,0.0,/53,
447.0,Samad Taylor,26.0,SEA,AL,-0.1,3.0,9.0,8.0,1.0,1.0,0.0,0.0,0.0,0.0,0.0,0.0,0.0,1.0,0.125,0.125,0.125,0.25,-24.0,0.1,-62.0,1.0,0.0,0.0,1.0,0.0,0.0,/98,
448.0,Braxton Fulford,26.0,COL,NL,-0.1,4.0,8.0,8.0,1.0,1.0,0.0,0.0,1.0,1.0,0.0,0.0,0.0,5.0,0.125,0.125,0.5,0.625,60.0,0.256,45.0,4.0,0.0,0.0,0.0,0.0,0.0,/2H,
449.0,Tyler Stephenson,28.0,CIN,NL,0.1,2.0,8.0,7.0,2.0,2.0,2.0,0.0,0.0,2.0,0.0,0.0,1.0,2.0,0.286,0.375,0.571,0.946,156.0,0.403,153.0,4.0,0.0,0.0,0.0,0.0,0.0,/2D,
450.0,Cal Stevenson*,28.0,PHI,NL,-0.2,5.0,8.0,8.0,0.0,2.0,0.0,0.0,0.0,1.0,0.0,0.0,0.0,2.0,0.25,0.25,0.25,0.5,41.0,0.215,23.0,2.0,0.0,0.0,0.0,0.0,0.0,/8H,
451.0,Rob Brantly*,35.0,MIA,NL,0.0,3.0,7.0,7.0,0.0,3.0,0.0,0.0,0.0,1.0,0.0,0.0,0.0,1.0,0.429,0.429,0.429,0.857,136.0,0.375,133.0,3.0,0.0,0.0,0.0,0.0,0.0,/2,
452.0,Vidal Bruján#,27.0,CHC,NL,-0.1,8.0,7.0,7.0,1.0,2.0,1.0,0.0,0.0,0.0,1.0,1.0,0.0,2.0,0.286,0.286,0.429,0.714,101.0,0.259,88.0,3.0,0.0,0.0,0.0,0.0,0.0,/H579D,
453.0,Tsung-Che Cheng*,23.0,PIT,NL,0.0,3.0,7.0,7.0,0.0,0.0,0.0,0.0,0.0,0.0,0.0,1.0,0.0,3.0,0.0,0.0,0.0,0.0,-100.0,0.058,-36.0,0.0,0.0,0.0,0.0,0.0,0.0,/64,
454.0,Owen Miller,28.0,COL,NL,0.1,3.0,7.0,5.0,0.0,1.0,0.0,0.0,0.0,0.0,0.0,0.0,2.0,1.0,0.2,0.429,0.2,0.629,79.0,0.33,99.0,1.0,0.0,0.0,0.0,0.0,0.0,/4,
455.0,Eddie Rosario*,33.0,2TM,NL,0.0,3.0,7.0,7.0,0.0,1.0,0.0,0.0,0.0,0.0,0.0,0.0,0.0,1.0,0.143,0.143,0.143,0.286,-18.0,0.13,-35.0,1.0,0.0,0.0,0.0,0.0,0.0,/D9,
455.0,Eddie Rosario*,33.0,LAD,NL,0.0,2.0,4.0,4.0,0.0,1.0,0.0,0.0,0.0,0.0,0.0,0.0,0.0,0.0,0.25,0.25,0.25,0.5,44.0,0.227,37.0,1.0,0.0,0.0,0.0,0.0,0.0,/D,
455.0,Eddie Rosario*,33.0,ATL,NL,0.1,1.0,3.0,3.0,0.0,0.0,0.0,0.0,0.0,0.0,0.0,0.0,0.0,1.0,0.0,0.0,0.0,0.0,-100.0,0.0,-132.0,0.0,0.0,0.0,0.0,0.0,0.0,/9,
456.0,Jonathan Ornelas,25.0,TEX,AL,0.0,4.0,6.0,5.0,0.0,0.0,0.0,0.0,0.0,0.0,0.0,0.0,1.0,3.0,0.0,0.167,0.0,0.167,-45.0,0.115,-40.0,0.0,0.0,0.0,0.0,0.0,0.0,/64,
457.0,Chadwick Tromp,30.0,ATL,NL,-0.2,2.0,6.0,5.0,0.0,0.0,0.0,0.0,0.0,0.0,0.0,0.0,1.0,2.0,0.0,0.167,0.0,0.167,-48.0,0.117,-46.0,0.0,1.0,0.0,0.0,0.0,0.0,/2,
458.0,Tyler Callihan*,25.0,CIN,NL,0.0,3.0,5.0,5.0,0.0,1.0,0.0,0.0,0.0,1.0,0.0,0.0,0.0,1.0,0.2,0.2,0.2,0.4,11.0,0.182,-5.0,1.0,0.0,0.0,0.0,0.0,0.0,/74,
459.0,Daz Cameron,28.0,MIL,NL,-0.1,4.0,5.0,4.0,0.0,0.0,0.0,0.0,0.0,0.0,0.0,0.0,1.0,2.0,0.0,0.2,0.0,0.2,-38.0,0.14,-30.0,0.0,0.0,0.0,0.0,0.0,0.0,/9H,
460.0,Mason McCoy,30.0,SDP,NL,-0.2,4.0,5.0,5.0,0.0,0.0,0.0,0.0,0.0,0.0,0.0,0.0,0.0,3.0,0.0,0.0,0.0,0.0,-100.0,0.0,-130.0,0.0,0.0,0.0,0.0,0.0,0.0,/H4D,
461.0,Johnathan Rodríguez,25.0,CLE,AL,-0.1,4.0,5.0,5.0,0.0,0.0,0.0,0.0,0.0,0.0,0.0,0.0,0.0,3.0,0.0,0.0,0.0,0.0,-100.0,0.0,-128.0,0.0,0.0,0.0,0.0,0.0,0.0,/7HD,
462.0,Rhylan Thomas*,25.0,SEA,AL,0.1,1.0,5.0,4.0,1.0,1.0,1.0,0.0,0.0,2.0,0.0,0.0,0.0,0.0,0.25,0.2,0.5,0.7,102.0,0.433,200.0,2.0,0.0,0.0,0.0,1.0,0.0,/9,
463.0,Tyler Tolbert,27.0,KCR,AL,0.1,13.0,5.0,5.0,3.0,0.0,0.0,0.0,0.0,0.0,6.0,0.0,0.0,2.0,0.0,0.0,0.0,0.0,-100.0,0.305,-124.0,0.0,0.0,0.0,0.0,0.0,0.0,H/789D4,
464.0,Jorbit Vivas*,24.0,NYY,AL,0.0,2.0,5.0,3.0,1.0,0.0,0.0,0.0,0.0,0.0,0.0,0.0,2.0,1.0,0.0,0.4,0.0,0.4,29.0,0.275,72.0,0.0,0.0,0.0,0.0,0.0,0.0,/4,
465.0,Ji Hwan Bae*,25.0,PIT,NL,-0.1,2.0,4.0,4.0,0.0,0.0,0.0,0.0,0.0,0.0,0.0,0.0,0.0,3.0,0.0,0.0,0.0,0.0,-100.0,0.0,-128.0,0.0,0.0,0.0,0.0,0.0,0.0,/7DH,
466.0,Tucker Barnhart*,34.0,TEX,AL,-0.1,2.0,4.0,4.0,0.0,0.0,0.0,0.0,0.0,0.0,0.0,0.0,0.0,2.0,0.0,0.0,0.0,0.0,-100.0,0.0,-120.0,0.0,0.0,0.0,0.0,0.0,0.0,/12H,
467.0,Will Benson*,27.0,CIN,NL,0.0,1.0,4.0,4.0,0.0,0.0,0.0,0.0,0.0,0.0,0.0,0.0,0.0,4.0,0.0,0.0,0.0,0.0,-100.0,0.0,-133.0,0.0,0.0,0.0,0.0,0.0,0.0,/7,
468.0,Jonatan Clase#,23.0,TOR,AL,-0.1,1.0,4.0,4.0,0.0,0.0,0.0,0.0,0.0,0.0,0.0,0.0,0.0,1.0,0.0,0.0,0.0,0.0,-100.0,0.0,-125.0,0.0,0.0,0.0,0.0,0.0,0.0,/7,
469.0,Trey Lipscomb,25.0,WSN,NL,0.1,3.0,4.0,4.0,1.0,2.0,0.0,0.0,0.0,0.0,0.0,0.0,0.0,1.0,0.5,0.5,0.5,1.0,187.0,0.429,180.0,2.0,0.0,0.0,0.0,0.0,0.0,/356H,
470.0,Richie Palacios*,28.0,TBR,AL,0.2,1.0,4.0,4.0,1.0,3.0,1.0,0.0,0.0,0.0,1.0,0.0,0.0,0.0,0.75,0.75,1.0,1.75,399.0,0.829,427.0,4.0,0.0,0.0,0.0,0.0,0.0,/79,
471.0,Weston Wilson,30.0,PHI,NL,0.0,2.0,4.0,4.0,1.0,1.0,0.0,0.0,0.0,0.0,0.0,0.0,0.0,1.0,0.25,0.25,0.25,0.5,41.0,0.227,33.0,1.0,0.0,0.0,0.0,0.0,0.0,/7,
472.0,Jose Barrero,27.0,STL,NL,0.0,3.0,3.0,3.0,0.0,0.0,0.0,0.0,0.0,0.0,0.0,0.0,0.0,1.0,0.0,0.0,0.0,0.0,-100.0,0.0,-129.0,0.0,0.0,0.0,0.0,0.0,0.0,/48,
473.0,Luis Campusano,26.0,SDP,NL,0.0,1.0,3.0,2.0,0.0,0.0,0.0,0.0,0.0,0.0,0.0,0.0,1.0,0.0,0.0,0.333,0.0,0.333,4.0,0.234,38.0,0.0,0.0,0.0,0.0,0.0,0.0,/D,
474.0,Dominic Canzone*,27.0,SEA,AL,-0.1,2.0,3.0,3.0,0.0,0.0,0.0,0.0,0.0,0.0,0.0,0.0,0.0,2.0,0.0,0.0,0.0,0.0,-100.0,0.0,-115.0,0.0,0.0,0.0,0.0,0.0,0.0,/H9,
475.0,Blaine Crim,28.0,TEX,AL,-0.1,1.0,3.0,3.0,0.0,0.0,0.0,0.0,0.0,0.0,0.0,0.0,0.0,2.0,0.0,0.0,0.0,0.0,-100.0,0.0,-121.0,0.0,0.0,0.0,0.0,0.0,0.0,/3,
476.0,Hunter Feduccia*,28.0,LAD,NL,0.0,2.0,3.0,2.0,0.0,0.0,0.0,0.0,0.0,0.0,0.0,0.0,1.0,1.0,0.0,0.333,0.0,0.333,6.0,0.234,41.0,0.0,0.0,0.0,0.0,0.0,0.0,/H3,
477.0,Nick Gonzales,26.0,PIT,NL,0.1,1.0,3.0,3.0,1.0,1.0,0.0,0.0,1.0,2.0,0.0,0.0,0.0,2.0,0.333,0.333,1.333,1.667,339.0,0.682,356.0,4.0,0.0,0.0,0.0,0.0,0.0,/4,
478.0,Brett Wisely*,26.0,SFG,NL,-0.1,2.0,3.0,3.0,0.0,0.0,0.0,0.0,0.0,0.0,0.0,1.0,0.0,1.0,0.0,0.0,0.0,0.0,-100.0,-0.168,-121.0,0.0,0.0,0.0,0.0,0.0,0.0,/4DH,
479.0,Maverick Handley,27.0,BAL,AL,0.0,1.0,2.0,2.0,0.0,0.0,0.0,0.0,0.0,0.0,0.0,0.0,0.0,2.0,0.0,0.0,0.0,0.0,-100.0,0.0,-118.0,0.0,0.0,0.0,0.0,0.0,0.0,/2,
480.0,Greg Jones#,27.0,CHW,AL,0.0,3.0,2.0,2.0,0.0,0.0,0.0,0.0,0.0,0.0,1.0,0.0,0.0,2.0,0.0,0.0,0.0,0.0,-100.0,0.127,-118.0,0.0,0.0,0.0,0.0,0.0,0.0,/H9,
481.0,Josh Lowe*,27.0,TBR,AL,0.2,1.0,2.0,2.0,0.0,1.0,0.0,0.0,0.0,0.0,0.0,0.0,0.0,0.0,0.5,0.5,0.5,1.0,190.0,0.45,200.0,1.0,0.0,0.0,0.0,0.0,0.0,/9,
482.0,Coby Mayo,23.0,BAL,AL,0.0,1.0,2.0,2.0,0.0,0.0,0.0,0.0,0.0,0.0,0.0,0.0,0.0,1.0,0.0,0.0,0.0,0.0,-100.0,0.0,-118.0,0.0,0.0,0.0,0.0,0.0,0.0,/5H,
483.0,Dairon Blanco,32.0,KCR,AL,,3.0,1.0,1.0,2.0,0.0,0.0,0.0,0.0,0.0,2.0,0.0,0.0,0.0,0.0,0.0,0.0,0.0,-100.0,1.412,536.0,0.0,0.0,0.0,0.0,0.0,0.0,/H,
484.0,Ryne Nelson,27.0,ARI,NL,0.0,1.0,1.0,1.0,1.0,1.0,0.0,0.0,0.0,1.0,0.0,0.0,0.0,0.0,1.0,1.0,1.0,2.0,462.0,0.908,536.0,1.0,0.0,0.0,0.0,0.0,0.0,/1H,
485.0,Colin Rea,34.0,CHC,NL,0.0,1.0,1.0,1.0,0.0,0.0,0.0,0.0,0.0,0.0,0.0,0.0,0.0,1.0,0.0,0.0,0.0,0.0,-100.0,0.0,-136.0,0.0,0.0,0.0,0.0,0.0,0.0,/1,
486.0,Jake Bird,29.0,COL,NL,0.0,1.0,0.0,0.0,0.0,0.0,0.0,0.0,0.0,0.0,0.0,0.0,0.0,0.0,,,,,,,,0.0,0.0,0.0,0.0,0.0,0.0,1,
487.0,Angel Chivilli,22.0,COL,NL,0.0,1.0,0.0,0.0,0.0,0.0,0.0,0.0,0.0,0.0,0.0,0.0,0.0,0.0,,,,,,,,0.0,0.0,0.0,0.0,0.0,0.0,1,
488.0,Emmanuel Clase,27.0,CLE,AL,0.0,1.0,0.0,0.0,0.0,0.0,0.0,0.0,0.0,0.0,0.0,0.0,0.0,0.0,,,,,,,,0.0,0.0,0.0,0.0,0.0,0.0,1,
489.0,Jhoan Durán,27.0,MIN,AL,0.0,1.0,0.0,0.0,0.0,0.0,0.0,0.0,0.0,0.0,0.0,0.0,0.0,0.0,,,,,,,,0.0,0.0,0.0,0.0,0.0,0.0,1,
490.0,Ryan Helsley,30.0,STL,NL,0.0,1.0,0.0,0.0,0.0,0.0,0.0,0.0,0.0,0.0,0.0,0.0,0.0,0.0,,,,,,,,0.0,0.0,0.0,0.0,0.0,0.0,1,
491.0,Jeff Hoffman,32.0,TOR,AL,0.0,1.0,0.0,0.0,0.0,0.0,0.0,0.0,0.0,0.0,0.0,0.0,0.0,0.0,,,,,,,,0.0,0.0,0.0,0.0,0.0,0.0,1,
492.0,Drey Jameson,27.0,ARI,NL,0.0,1.0,0.0,0.0,0.0,0.0,0.0,0.0,0.0,0.0,0.0,0.0,0.0,0.0,,,,,,,,0.0,0.0,0.0,0.0,0.0,0.0,/1,
493.0,Tommy Kahnle,35.0,DET,AL,0.0,1.0,0.0,0.0,0.0,0.0,0.0,0.0,0.0,0.0,0.0,0.0,0.0,0.0,,,,,,,,0.0,0.0,0.0,0.0,0.0,0.0,1,
494.0,Hyeseong Kim*,26.0,LAD,NL,0.0,1.0,0.0,0.0,0.0,0.0,0.0,0.0,0.0,0.0,0.0,0.0,0.0,0.0,,,,,,,,0.0,0.0,0.0,0.0,0.0,0.0,/4,
495.0,Joe Mantiply,34.0,ARI,NL,0.0,1.0,0.0,0.0,0.0,0.0,0.0,0.0,0.0,0.0,0.0,0.0,0.0,0.0,,,,,,,,0.0,0.0,0.0,0.0,0.0,0.0,/1,
496.0,Justin Martínez,23.0,ARI,NL,0.0,2.0,0.0,0.0,0.0,0.0,0.0,0.0,0.0,0.0,0.0,0.0,0.0,0.0,,,,,,,,0.0,0.0,0.0,0.0,0.0,0.0,1,
497.0,Phil Maton,32.0,STL,NL,0.0,1.0,0.0,0.0,0.0,0.0,0.0,0.0,0.0,0.0,0.0,0.0,0.0,0.0,,,,,,,,0.0,0.0,0.0,0.0,0.0,0.0,1,
498.0,Tyler Matzek*,34.0,NYY,AL,0.0,1.0,0.0,0.0,0.0,0.0,0.0,0.0,0.0,0.0,0.0,0.0,0.0,0.0,,,,,,,,0.0,0.0,0.0,0.0,0.0,0.0,/1,
499.0,Juan Mejia,24.0,COL,NL,0.0,2.0,0.0,0.0,0.0,0.0,0.0,0.0,0.0,0.0,0.0,0.0,0.0,0.0,,,,,,,,0.0,0.0,0.0,0.0,0.0,0.0,/1,
500.0,Shelby Miller,34.0,ARI,NL,0.0,1.0,0.0,0.0,0.0,0.0,0.0,0.0,0.0,0.0,0.0,0.0,0.0,0.0,,,,,,,,0.0,0.0,0.0,0.0,0.0,0.0,1,
501.0,Hoby Milner*,34.0,TEX,AL,0.0,1.0,0.0,0.0,0.0,0.0,0.0,0.0,0.0,0.0,0.0,0.0,0.0,0.0,,,,,,,,0.0,0.0,0.0,0.0,0.0,0.0,1,
502.0,Tyler Owens,24.0,DET,AL,0.0,1.0,0.0,0.0,0.0,0.0,0.0,0.0,0.0,0.0,0.0,0.0,0.0,0.0,,,,,,,,0.0,0.0,0.0,0.0,0.0,0.0,/1,
503.0,Andre Pallante,26.0,STL,NL,0.0,1.0,0.0,0.0,0.0,0.0,0.0,0.0,0.0,0.0,0.0,0.0,0.0,0.0,,,,,,,,0.0,0.0,0.0,0.0,0.0,0.0,/1,
504.0,A.J. Puk*,30.0,ARI,NL,0.0,2.0,0.0,0.0,0.0,0.0,0.0,0.0,0.0,0.0,0.0,0.0,0.0,0.0,,,,,,,,0.0,0.0,0.0,0.0,0.0,0.0,/1,
505.0,Nick Sandlin,28.0,TOR,AL,0.0,1.0,0.0,0.0,0.0,0.0,0.0,0.0,0.0,0.0,0.0,0.0,0.0,0.0,,,,,,,,0.0,0.0,0.0,0.0,0.0,0.0,1,
506.0,Tanner Scott,30.0,LAD,NL,0.0,1.0,0.0,0.0,0.0,0.0,0.0,0.0,0.0,0.0,0.0,0.0,0.0,0.0,,,,,,,,0.0,0.0,0.0,0.0,0.0,0.0,1,
507.0,Ryan Thompson,33.0,ARI,NL,0.0,1.0,0.0,0.0,0.0,0.0,0.0,0.0,0.0,0.0,0.0,0.0,0.0,0.0,,,,,,,,0.0,0.0,0.0,0.0,0.0,0.0,1,
,MLB Average,,,,,,,,,,,,,,,,,,0.241,0.315,0.391,0.706,100.0,0.319,100.0,,,,,,,,
