PCode,Name,Team,Season,VS LEFTY_AVG,VS LEFTY_AB,VS LEFTY_H,VS LEFTY_2B,VS LEFTY_3B,VS LEFTY_HR,VS LEFTY_RBI,VS LEFTY_BB,VS LEFTY_HBP,VS LEFTY_SO,VS LEFTY_GIDP,VS RIGHTY_AVG,VS RIGHTY_AB,VS RIGHTY_H,VS RIGHTY_2B,VS RIGHTY_3B,VS RIGHTY_HR,VS RIGHTY_RBI,VS RIGHTY_BB,VS RIGHTY_HBP,VS RIGHTY_SO,VS RIGHTY_GIDP
51203,An Jae-seok,Doosan,2026,0.209,91,19,5,0,2,10,2,3,19,2,0.31,290,90,23,2,9,53,24,1,46,4
56251,Daz Cameron,Doosan,2026,0.296,71,21,6,1,1,7,6,2,16,1,0.292,195,57,13,2,8,35,23,1,35,8
79240,Heo Kyoung-Min,Doosan,2026,0.323,93,30,5,0,1,13,7,2,9,1,0.319,235,75,12,0,3,27,22,8,24,7
79231,Jung Soo-bin,Doosan,2026,0.306,98,30,1,2,2,15,14,1,15,0,0.243,346,84,14,2,5,35,37,4,60,5
63123,Kang Seung-ho,Doosan,2026,0.22,59,13,1,0,2,7,5,3,22,1,0.291,165,48,7,0,6,28,15,7,40,5
69238,Kim Dae-han,Doosan,2026,0.25,36,9,0,0,3,5,4,0,6,1,0.193,83,16,1,0,0,4,5,2,24,0
78224,Kim Jae-hwan,Doosan,2026,0.229,105,24,0,0,4,20,18,2,35,1,0.212,330,70,9,1,19,48,56,2,113,5
53554,Kim Min-suk,Doosan,2026,0.302,86,26,3,1,0,11,13,1,18,1,0.303,340,103,17,2,4,42,40,3,64,4
50204,Park Ji-hoon,Doosan,2026,0.325,77,25,1,0,1,7,5,1,14,1,0.247,158,39,5,3,1,18,18,3,31,2
55252,Park Jun-soon,Doosan,2026,0.277,94,26,4,1,4,12,5,0,18,4,0.316,272,86,12,4,12,49,19,8,61,12
76232,Yang Eui-ji,Doosan,2026,0.26,100,26,3,0,5,17,15,2,15,5,0.26,323,84,15,0,18,61,39,18,39,10
64153,Yang Suk-Hwan,Doosan,2026,0.152,33,5,1,0,2,5,2,0,12,1,0.235,115,27,6,0,3,14,10,0,37,2
79608,An Chi-Hong,Hanwha,2026,0.278,115,32,5,0,2,14,14,1,19,3,0.245,265,65,9,0,7,36,33,3,45,11
79192,Chae Eun-seong,Hanwha,2026,0.226,31,7,0,0,0,3,5,0,7,3,0.298,131,39,6,0,6,16,10,4,25,6
50707,Choi In-ho,Hanwha,2026,0.208,24,5,2,0,0,0,6,0,3,1,0.327,147,48,3,0,4,21,12,2,23,5
66704,Kim Tae-yean,Hanwha,2026,0.329,79,26,4,1,3,12,7,1,16,1,0.255,282,72,13,1,9,28,30,7,62,8
53764,Moon Hyun-bin,Hanwha,2026,0.313,134,42,8,1,2,18,10,3,26,4,0.285,358,102,20,3,10,50,47,3,48,16
56754,Oh Jae-won,Hanwha,2026,0.241,29,7,0,0,0,7,3,0,7,0,0.266,109,29,5,1,0,9,14,0,15,2
69737,Roh Si-Hwan,Hanwha,2026,0.29,100,29,1,0,14,28,16,4,29,3,0.275,375,103,19,2,14,62,32,7,113,13
64006,Sim Woo-jun,Hanwha,2026,0.328,64,21,2,0,0,6,9,0,11,1,0.253,296,75,7,0,6,36,26,4,52,1
54730,Yonathan Perlaza,Hanwha,2026,0.189,106,20,5,0,2,15,20,1,28,1,0.328,326,107,24,2,17,51,65,2,70,8
52001,Ahn Hyun-min,KT,2026,0.352,91,32,5,0,8,27,25,6,32,3,0.29,221,64,17,2,6,35,37,16,55,6
50054,Cheon Seong-ho,KT,2026,0.175,40,7,0,0,0,4,2,1,8,1,0.311,183,57,13,2,2,25,12,3,30,6
78548,Jang Sung-woo,KT,2026,0.149,74,11,2,0,3,12,20,1,23,3,0.222,135,30,8,0,9,29,27,1,41,7
68050,Kang Baek-ho,KT,2026,0.25,120,30,5,0,5,22,14,1,30,5,0.301,359,108,17,0,28,91,38,2,84,3
64004,Kim Min-hyuck,KT,2026,0.248,113,28,1,1,0,12,12,4,18,3,0.299,251,75,9,1,1,24,16,1,50,5
53036,Ryu Hyun-in,KT,2026,0.387,31,12,4,0,0,6,4,0,3,0,0.315,168,53,10,0,1,18,11,3,33,2
56034,Sam Hilliard,KT,2026,0.28,186,52,6,1,13,49,13,2,65,0,0.317,356,113,17,2,27,78,45,1,104,4
79402,Sang-su Kim,KT,2026,0.288,111,32,7,1,0,14,19,3,17,1,0.271,284,77,5,0,1,26,36,3,42,9
56613,Aderlin Rodriguez,Kia,2026,0.234,47,11,5,0,3,12,2,0,8,3,0.271,70,19,0,0,7,19,5,1,15,1
72443,Choi Hyoung-woo,Kia,2026,0.325,126,41,5,0,4,25,17,2,27,6,0.302,338,102,20,0,13,79,51,3,75,12
66606,Choi Won-jun,Kia,2026,0.399,173,69,7,2,2,18,24,6,31,1,0.323,393,127,32,2,7,52,47,2,55,2
56626,Harold Castro,Kia,2026,0.319,113,36,6,0,5,27,8,4,20,1,0.333,258,86,24,0,13,54,11,2,39,6
56632,Jarryd Dale,Kia,2026,0.244,41,10,2,0,0,1,5,0,4,2,0.271,70,19,2,0,1,5,8,0,10,2
52605,Kim Do-yeong,Kia,2026,0.307,137,42,9,0,13,28,30,2,33,3,0.315,324,102,19,2,30,79,52,4,61,5
66614,Kim Kyu-sung,Kia,2026,0.138,29,4,1,0,0,1,5,1,8,0,0.253,150,38,7,2,0,23,14,0,34,2
78603,Kim Sun-bin,Kia,2026,0.353,133,47,12,1,0,22,22,3,12,3,0.245,290,71,9,0,1,25,44,3,34,8
63260,Lee Woo-sung,Kia,2026,0.31,100,31,7,0,2,17,6,1,16,3,0.283,283,80,10,0,4,29,16,2,45,9
62947,Na Sung-bum,Kia,2026,0.275,153,42,5,0,7,25,17,4,48,5,0.321,321,103,21,0,23,69,38,4,98,7
69636,Oh Sun-woo,Kia,2026,0.118,17,2,1,0,1,1,2,0,4,0,0.226,53,12,4,0,2,5,8,2,17,0
64646,Park Chan-ho,Kia,2026,0.336,131,44,4,0,1,12,15,1,14,2,0.268,377,101,20,2,4,42,38,1,58,10
55636,Park Jae-hyun,Kia,2026,0.276,152,42,6,2,3,20,1,0,32,0,0.307,322,99,16,4,14,45,27,0,66,4
50657,Park Min,Kia,2026,0.23,74,17,2,0,2,12,4,0,10,2,0.179,95,17,4,0,1,10,11,2,21,3
76267,Choi Joo-hwan,Kiwoom,2026,0.194,62,12,2,0,0,5,7,1,11,0,0.242,182,44,8,1,1,20,30,0,30,8
55392,Eo Joon-seo,Kiwoom,2026,0.333,18,6,0,0,0,1,0,2,6,0,0.215,65,14,2,0,0,2,5,0,14,2
55371,Gwon Hyuk-bin,Kiwoom,2026,0.276,76,21,4,0,0,10,4,3,22,0,0.206,199,41,4,1,0,13,9,2,53,3
64340,Im Ji-yeol,Kiwoom,2026,0.241,29,7,1,0,0,2,3,0,9,1,0.19,42,8,2,0,1,2,6,1,13,3
56305,Keston Hiura,Kiwoom,2026,0.411,56,23,2,0,5,15,14,0,14,1,0.244,201,49,9,0,7,25,14,6,70,3
78135,Lee Hyung-jong,Kiwoom,2026,0.313,48,15,3,0,3,12,5,1,14,1,0.162,111,18,3,0,2,6,16,2,41,3
50167,Lee Ju-hyoung,Kiwoom,2026,0.12,25,3,2,0,0,5,0,1,6,0,0.311,61,19,7,1,2,7,5,2,14,0
64346,Lim Byeong-wuk,Kiwoom,2026,0.233,73,17,4,0,1,8,2,4,28,1,0.242,182,44,9,0,9,25,13,3,62,2
52348,Park Chan-hyeok,Kiwoom,2026,0.377,69,26,1,0,5,15,13,2,18,1,0.177,220,39,7,0,6,22,20,6,69,9
78168,Seo Geon-chang,Kiwoom,2026,0.303,109,33,4,0,0,8,9,3,19,4,0.313,268,84,9,5,3,24,33,5,29,3
53123,Austin Dean,LG,2026,0.423,123,52,9,0,10,33,20,1,13,2,0.317,378,120,23,3,31,94,59,11,68,6
66108,Hong Chang-ki,LG,2026,0.319,119,38,5,1,0,14,24,3,32,3,0.216,282,61,10,1,0,19,53,11,74,8
76290,Kim Hyun-soo,LG,2026,0.254,189,48,7,0,2,22,18,3,19,7,0.305,354,108,25,0,11,71,38,2,49,9
69102,Moon Bo-gyeong,LG,2026,0.231,78,18,3,0,1,14,7,0,20,1,0.259,251,65,10,0,8,41,50,1,56,7
68119,Moon Sung-Ju,LG,2026,0.293,41,12,2,0,0,4,3,0,5,0,0.275,167,46,7,0,1,17,17,3,23,4
79109,Oh Ji-hwan,LG,2026,0.221,77,17,1,0,1,10,16,3,21,1,0.232,298,69,13,1,10,47,24,3,70,5
79365,Park Dong-won,LG,2026,0.22,59,13,3,0,2,7,13,0,17,1,0.238,265,63,11,0,11,46,38,5,69,11
62415,Park Hae-min,LG,2026,0.368,125,46,4,0,1,17,14,2,14,1,0.273,341,93,16,1,4,38,35,12,52,5
65207,Shin Min-jae,LG,2026,0.186,102,19,1,1,0,7,16,2,22,3,0.27,281,76,4,1,0,17,29,1,37,5
68110,Song Chan-eui,LG,2026,0.343,99,34,10,0,9,27,8,1,22,2,0.238,244,58,16,2,7,44,22,19,72,8
69517,Go Seung-min,Lotte,2026,0.309,97,30,4,1,3,19,7,1,14,0,0.27,318,86,20,2,13,52,29,0,73,0
68525,Han Dong-hui,Lotte,2026,0.314,86,27,3,1,7,17,6,0,14,3,0.294,286,84,14,0,15,54,27,8,59,16
50500,Hwang Seong-bin,Lotte,2026,0.259,85,22,3,1,0,6,10,2,16,0,0.288,340,98,8,9,0,28,21,3,48,2
78513,Jeon Jun-woo,Lotte,2026,0.263,57,15,2,0,1,4,3,0,8,2,0.207,164,34,6,0,1,10,10,0,27,4
61102,Kang-nam Yoo,Lotte,2026,0.25,32,8,0,0,3,3,1,1,5,0,0.212,85,18,4,0,0,6,3,0,23,1
51551,Na Seung-yeup,Lotte,2026,0.256,82,21,5,0,2,15,13,0,17,3,0.304,263,80,16,2,5,39,36,0,43,5
62931,No Jin-hyuk,Lotte,2026,0.146,41,6,3,0,1,3,4,1,15,2,0.219,146,32,8,0,4,21,16,1,33,2
50150,Son Ho-young,Lotte,2026,0.196,56,11,3,0,1,3,3,0,14,0,0.214,103,22,7,0,3,13,10,3,24,3
54529,Víctor Reyes,Lotte,2026,0.372,148,55,7,1,5,28,7,0,10,5,0.355,394,140,29,1,12,77,38,2,51,6
52591,Yoon Dong-hee,Lotte,2026,0.208,53,11,2,0,3,5,10,0,16,1,0.23,196,45,10,0,2,19,21,4,58,3
56950,Blaine Crim,NC,2026,0.278,54,15,5,0,2,10,8,0,15,1,0.258,163,42,4,1,7,32,15,2,46,6
69992,Choi Jeong-won,NC,2026,0.351,37,13,0,0,0,1,4,2,8,0,0.215,172,37,5,0,0,8,11,7,38,2
68362,Choo Jae-hyun,NC,2026,0.288,66,19,2,0,2,5,3,2,14,4,0.283,198,56,12,0,1,14,24,4,44,8
51907,Kim Ju-won,NC,2026,0.237,135,32,6,0,3,12,18,4,20,2,0.297,353,105,15,0,14,44,31,13,56,4
63963,Kwon Hui-dong,NC,2026,0.316,79,25,6,0,4,16,15,0,11,1,0.204,157,32,3,0,1,18,27,3,34,3
54944,Matthew Davidson,NC,2026,0.295,105,31,4,1,10,27,7,2,23,2,0.285,333,95,17,1,15,52,22,22,99,8
79215,Park Kun-woo,NC,2026,0.343,102,35,7,0,4,20,9,0,18,3,0.29,303,88,12,1,16,55,42,2,55,7
62907,Park Min-woo,NC,2026,0.376,117,44,5,2,2,20,22,3,17,4,0.317,344,109,23,1,5,52,39,5,49,8
77532,Son Ah-seop,NC,2026,0.3,30,9,0,0,1,5,0,0,8,0,0.213,122,26,3,0,0,10,16,0,25,2
75847,Choi Jeong,SSG,2026,0.264,72,19,3,0,4,10,9,0,18,4,0.326,178,58,14,1,16,46,28,6,46,3
50854,Choi Ji-Hoon,SSG,2026,0.271,129,35,5,3,2,12,5,1,27,4,0.228,369,84,17,4,10,48,40,3,62,5
53827,Guillermo Heredia,SSG,2026,0.32,97,31,7,0,4,28,11,2,15,3,0.27,337,91,18,2,13,67,13,8,62,8
62895,Han Yoo-seom,SSG,2026,0.348,23,8,0,0,0,4,5,0,2,0,0.187,139,26,3,0,2,10,22,3,42,9
54812,Jeong Jun-jae,SSG,2026,0.211,109,23,2,2,0,6,9,2,22,2,0.287,348,100,12,5,1,33,44,3,58,1
51868,Ko Myeong-jun,SSG,2026,0.353,34,12,1,0,2,6,5,0,6,1,0.264,159,42,7,0,10,25,11,0,35,4
62864,Min-sik Kim,SSG,2026,0.0,2,0,0,0,0,0,0,0,2,0,0.167,24,4,0,0,0,0,0,0,3,0
67893,Park Seong-Han,SSG,2026,0.363,113,41,7,0,1,19,29,1,17,0,0.322,394,127,23,2,3,50,59,2,62,2
74540,Kang Min-ho,Samsung,2026,0.254,71,18,3,0,6,12,5,1,17,1,0.276,214,59,11,0,7,45,28,5,53,6
50458,Kim Ji-chan,Samsung,2026,0.319,94,30,2,0,0,6,16,1,15,1,0.316,332,105,8,5,0,32,43,4,28,2
67449,Kim Seong-yoon,Samsung,2026,0.34,100,34,5,1,3,21,12,0,11,2,0.294,299,88,15,1,3,33,36,2,35,7
52430,Kim Young-woong,Samsung,2026,0.222,36,8,1,0,2,11,4,0,13,1,0.157,134,21,2,0,3,7,8,0,41,2
62404,Koo Ja-wook,Samsung,2026,0.368,114,42,9,2,5,35,12,0,21,0,0.37,292,108,20,4,10,62,54,5,46,4
52415,Lee Jae-hyeon,Samsung,2026,0.246,65,16,1,0,6,13,7,1,12,0,0.22,168,37,6,0,11,29,25,9,29,2
54400,Lewin Díaz,Samsung,2026,0.277,166,46,9,0,10,30,14,2,30,1,0.321,352,113,23,0,14,89,57,0,64,11
69418,Park Seung-kyu,Samsung,2026,0.263,76,20,3,2,4,10,17,0,13,1,0.268,228,61,8,4,8,36,39,5,43,8
62234,Ryu Ji-hyuk,Samsung,2026,0.248,105,26,6,2,1,14,16,1,17,2,0.308,331,102,13,4,4,46,38,8,56,8
